sample	A.OX	AfsA	AMP.binding	ATd	Autoind_synth	bacilysin	Bacteriocin_II	Bacteriocin_IIc	Bacteriocin_IId	BLS	botH	bt1fas	CaiA	CAS	Chal_sti_synt_C	Chal_sti_synt_N	Condensation	cyanobactin_synth	cycdipepsynth	cypI	DOIS	DUF1205	DUF692	ectoine_synt	fabH	fom1	ft1fas	Glyco_transf_28	Glycos_transf_1	Glycos_transf_2	goadsporin_like	hglD	hglE	indsynth	IucA_IucC	L_biotic_typeA	Lactococcin_972	LANC_like	Lant_dehyd_C	Lant_dehyd_N	lasso	Linocin_M18	LipV	LmbU	Lycopene_cycl	melC	MGT	micJ25	moeGT	MoeO5	mvd_mst	mvnA	NAD_binding_4	NapT7	neoL_like	nikJ	novH	PF00067	PF00106	PF02441	PF04820	PF13561	PF13575	phosphonates	phytoene_synt	phzB	PKS_AT	PKS_KS	PP.binding	prnB	pur6	salQ	spcDK_like_cou	spcDK_like_glyc	strK_like1	subtilosin	t2clf	t2fas	t2ks	t2ks2	tabtoxin	terpene_cyclase	Terpene_synth	Terpene_synth_C	TIGR03601	TIGR03602	TIGR03603	TIGR03604	TIGR03651	TIGR03678	TIGR03693	TIGR03731	TIGR03793	TIGR03795	TIGR03798	TIGR03882	TIGR03975	TIGR04363	ToyB	TunD	vlmB	YcaO
sim_meta-1	387	0	12249	1	28	0	0	0	0	0	0	0	0	0	21	43	1165	0	0	0	0	0	96	25	645	0	0	205	2024	2121	4	13	70	0	65	0	0	0	21	6	0	8	0	0	6	0	71	12	0	0	0	0	1214	6	0	0	0	1012	3520	317	523	1735	10	30	165	0	1296	1264	619	0	0	0	2	1	0	0	7	1247	13	0	0	31	0	29	0	0	0	0	4	0	0	0	0	0	3	0	27	0	0	0	0	103
sim_meta-10	329	25	15875	28	24	0	0	0	0	0	0	14	0	0	50	51	1631	0	0	0	0	0	85	15	717	0	0	205	2570	2299	4	15	48	0	101	0	0	48	65	8	0	41	0	0	27	0	159	33	1	3	0	0	1196	7	0	2	0	1219	4108	309	360	2029	19	38	233	0	1176	1451	727	14	0	0	8	1	1	0	40	1404	48	1	0	60	0	83	1	0	0	4	2	0	1	0	2	0	14	2	41	1	1	0	36	115
sim_meta-100	336	14	21312	19	25	0	0	0	0	0	0	15	0	0	37	34	6245	38	12	0	0	1	94	18	783	0	0	179	1974	2198	4	20	51	30	145	0	0	77	33	11	0	41	1	7	8	0	252	23	0	0	0	0	1297	12	0	0	0	1304	3856	283	382	1980	18	32	215	7	1565	2222	1657	0	0	0	7	1	0	0	55	1213	96	0	5	45	0	76	0	0	0	0	3	3	0	0	0	0	17	20	40	0	0	0	14	191
sim_meta-101	316	5	11972	5	33	0	0	0	0	0	0	26	0	0	62	65	1421	0	0	0	0	0	115	31	826	0	0	198	2489	2689	0	30	45	8	49	0	3	40	7	1	0	17	0	0	43	4	104	34	0	0	0	0	1247	2	0	0	0	749	3195	338	278	1980	38	13	251	4	1024	788	602	0	0	0	2	0	0	0	0	1321	4	0	0	50	0	50	0	0	0	0	0	0	0	2	0	0	14	0	0	0	2	0	0	136
sim_meta-102	228	2	13143	317	1	4	0	0	0	2	0	11	0	1	47	26	2049	1	2	0	0	0	147	27	565	0	0	149	2104	2421	0	24	69	4	113	0	1	18	12	5	0	32	0	2	15	0	94	23	0	0	0	0	1245	6	0	0	0	824	3630	340	177	1639	6	6	182	4	913	1758	754	0	0	0	4	1	0	12	24	1224	16	28	5	97	0	30	0	0	0	0	1	0	0	0	0	0	3	0	2	0	0	0	2	167
sim_meta-103	456	3	18528	15	21	0	0	0	0	5	0	4	0	10	57	35	1725	12	20	0	0	0	141	52	879	0	0	169	2234	2544	0	7	92	0	316	0	0	51	46	9	0	21	0	0	79	21	326	31	0	0	0	0	1088	5	0	0	0	1191	4007	356	494	2075	0	75	306	1	1087	1569	691	0	0	0	28	8	0	0	144	1249	196	2	4	147	0	172	0	0	0	8	0	0	5	0	0	3	1	1	68	1	0	0	0	266
sim_meta-104	436	9	11962	4	31	0	0	2	0	0	0	0	0	0	41	57	989	0	0	0	0	0	123	22	666	3	0	196	2719	2461	0	15	24	11	150	0	0	90	20	8	0	37	0	0	46	0	125	47	0	0	0	0	1282	3	0	0	0	638	3394	365	761	1807	14	1	236	8	744	576	466	0	0	0	4	3	1	0	0	1166	3	0	4	29	0	54	0	0	0	7	3	0	52	2	0	0	2	0	0	0	3	0	0	165
sim_meta-105	220	5	17586	15	9	0	0	0	0	0	0	56	0	0	29	15	4269	0	0	0	0	0	148	7	751	0	0	213	2375	2247	0	12	118	0	154	0	0	90	99	33	0	35	0	0	28	0	60	20	0	0	0	0	1300	8	0	0	0	477	2455	297	534	1444	2	42	224	0	917	968	1205	0	0	0	1	0	0	0	61	1344	59	0	4	68	0	40	0	0	0	0	0	0	0	0	4	0	0	0	39	7	4	1	0	99
sim_meta-106	240	0	11701	11	67	0	0	0	0	0	0	35	0	0	36	29	1037	72	0	0	0	0	171	3	585	0	0	206	2444	2706	0	0	94	0	21	0	0	4	17	0	0	66	0	0	20	0	40	30	0	0	0	2	1525	2	0	0	0	416	2937	370	263	1796	1	42	390	7	774	846	458	0	0	0	2	1	0	0	0	1057	7	0	0	87	0	0	0	0	0	0	0	0	0	0	0	0	11	19	5	0	1	0	0	139
sim_meta-107	459	0	15158	54	29	0	0	0	0	0	0	44	0	0	24	45	2120	0	0	4	0	0	88	43	672	3	0	173	2347	2129	2	0	3	2	95	0	1	44	0	0	0	37	1	0	13	0	141	14	0	0	0	0	1308	13	0	0	0	742	3253	201	297	2100	3	24	219	1	1104	1610	732	2	0	0	4	2	0	0	8	976	19	1	3	49	0	14	0	0	0	0	1	0	0	2	0	0	7	1	71	0	0	0	0	120
sim_meta-108	248	5	11155	33	49	0	0	0	0	0	0	0	0	0	15	36	307	0	0	6	0	0	51	10	669	0	0	158	2550	2407	0	13	144	0	59	0	0	0	26	4	0	31	0	0	8	0	88	23	0	0	0	0	1323	2	0	0	0	411	3532	318	239	2221	8	0	311	0	789	659	431	0	0	0	1	0	0	0	4	1369	6	1	2	21	0	11	0	0	0	0	5	0	0	0	0	0	2	0	11	0	3	1	0	89
sim_meta-109	279	0	11748	29	18	0	0	1	0	0	0	0	0	0	26	26	1105	0	0	0	0	0	67	32	851	0	0	188	2243	1899	0	1	3	2	77	0	1	0	0	0	0	12	0	0	9	0	65	35	0	0	1	0	1048	7	0	0	0	458	3744	303	1071	2457	0	66	298	1	763	1158	585	0	0	0	4	3	0	0	0	1153	4	0	0	0	0	0	0	0	0	0	0	0	0	0	0	0	0	0	0	0	0	0	0	60
sim_meta-11	431	0	13028	181	15	21	0	0	0	0	0	11	0	0	25	36	1227	53	0	0	0	0	53	0	719	0	0	201	2646	3011	0	0	36	0	50	0	0	9	0	0	0	57	0	0	92	0	146	35	0	0	0	1	1362	2	0	0	0	877	3492	297	518	2131	8	0	261	0	727	1016	587	0	0	0	2	0	0	0	0	1227	13	15	4	56	0	0	0	0	0	0	0	0	0	0	0	0	9	18	0	0	0	1	0	117
sim_meta-110	403	3	14400	59	67	0	0	0	0	0	0	0	0	0	35	22	2411	23	0	0	0	0	118	25	668	0	0	155	2424	2380	2	8	30	0	86	0	0	34	34	10	10	60	0	0	49	0	122	9	0	0	0	0	1373	3	0	0	0	674	3278	265	340	1942	22	6	173	12	854	1265	837	4	0	0	0	2	0	0	22	1221	39	8	2	44	0	23	0	0	0	0	0	0	0	0	1	1	11	2	23	0	0	0	0	121
sim_meta-111	129	0	11367	36	27	0	0	4	0	0	0	33	0	0	24	41	2000	0	0	0	0	0	97	17	785	0	0	201	2675	2700	0	12	46	25	48	0	0	30	0	0	9	0	0	0	1	0	87	5	0	0	0	0	1427	1	0	0	1	412	2330	333	313	1483	0	44	286	0	705	807	766	3	0	0	0	1	0	0	0	1256	1	15	1	63	0	10	0	0	0	0	0	0	0	0	0	1	5	22	46	0	1	0	0	119
sim_meta-112	252	10	12149	32	25	0	0	0	0	0	0	90	0	0	28	26	963	6	0	0	0	0	65	0	825	0	0	185	2309	2823	0	17	107	0	49	0	0	127	148	29	0	8	0	0	43	0	151	3	0	0	0	0	1451	12	0	0	0	749	2667	339	427	1556	1	0	253	0	967	690	544	0	0	0	0	1	0	0	122	1295	103	0	3	81	1	34	0	0	0	0	0	0	0	1	0	0	7	0	55	8	7	0	0	131
sim_meta-113	263	0	10784	63	19	0	0	17	0	3	0	47	0	0	21	26	1103	0	6	0	0	0	178	19	727	0	0	190	2486	2464	0	16	7	32	42	4	3	76	38	6	3	23	0	0	41	0	67	33	0	2	0	0	1405	2	0	0	0	564	3123	343	528	1796	43	12	178	0	720	903	539	13	0	0	0	0	0	0	0	1138	11	6	0	13	0	20	0	1	25	0	0	0	0	0	0	1	0	2	0	0	0	0	0	139
sim_meta-114	482	1	15713	113	15	12	0	0	0	0	0	10	0	0	36	40	2471	0	0	0	0	0	165	12	615	0	0	141	2075	1790	1	14	27	0	48	0	5	75	57	15	0	19	2	0	10	0	175	20	0	0	0	0	1168	1	0	0	0	1687	3831	244	536	2082	12	10	148	0	1327	2011	923	9	0	2	1	0	0	0	30	1120	35	14	2	36	0	72	0	0	0	0	1	0	0	0	0	0	1	0	25	0	1	0	0	113
sim_meta-115	337	0	11966	72	39	0	0	0	0	0	0	0	0	0	24	35	1358	0	0	4	0	0	147	17	782	1	0	180	2313	2587	1	9	35	0	91	0	0	51	28	9	0	13	0	0	52	0	136	19	0	0	0	0	1261	6	0	0	0	692	3513	316	326	2053	2	7	224	0	896	1072	605	9	0	0	1	2	1	0	15	1243	12	19	0	41	0	52	0	0	0	0	2	0	0	0	1	0	0	0	0	0	0	0	0	115
sim_meta-116	346	0	13655	3	23	0	0	0	1	0	0	78	0	0	54	48	1605	0	0	3	0	0	177	4	701	0	0	182	2317	2547	0	7	12	16	90	0	1	53	54	15	0	47	0	0	7	0	89	19	0	0	2	0	1597	14	0	0	0	1139	3289	298	234	1811	36	0	190	0	1082	1042	643	0	0	7	3	2	0	0	0	1104	2	0	2	75	0	44	0	0	0	0	4	0	0	0	0	0	0	2	12	0	1	0	0	168
sim_meta-117	321	1	12631	53	36	0	0	0	0	1	0	84	0	0	38	41	1904	0	0	0	0	0	90	19	669	0	0	178	2300	2398	0	36	41	0	73	0	0	3	3	3	0	22	0	0	12	0	77	45	0	0	0	0	1451	3	0	0	0	506	3096	294	324	1918	3	42	240	2	935	1031	691	17	0	0	3	0	0	0	8	1173	14	0	2	30	0	6	0	0	0	0	4	0	0	0	0	0	12	0	0	0	1	0	0	103
sim_meta-118	472	44	19419	42	14	0	0	0	0	0	0	29	0	0	66	69	2766	0	0	10	0	0	141	1	839	0	0	178	2028	2374	4	7	12	0	88	0	0	61	89	33	0	62	0	0	32	0	267	8	0	0	0	0	1290	16	0	0	0	1894	4119	316	178	2099	25	26	223	3	1666	2335	1099	0	0	1	21	5	0	0	44	1587	68	0	6	42	0	159	0	0	0	0	0	0	0	0	0	0	0	4	49	2	0	1	57	120
sim_meta-119	182	1	14554	84	19	0	0	0	0	0	0	0	0	0	16	8	3121	0	0	0	0	0	85	45	812	0	0	153	2097	2096	0	0	0	107	100	0	0	3	4	7	0	16	0	0	90	0	37	18	0	0	0	0	1232	0	0	0	0	426	3979	276	170	2334	0	16	201	0	897	1906	952	0	0	0	2	1	0	0	4	1531	4	9	0	63	0	8	0	0	0	1	12	0	0	0	0	0	0	1	0	0	0	2	0	139
sim_meta-12	165	0	10922	0	12	0	0	0	0	0	0	0	0	0	19	21	972	0	0	0	0	0	189	14	555	0	0	138	2078	2119	0	0	19	0	32	0	0	20	60	14	0	26	0	0	16	0	79	14	0	0	0	0	1397	2	0	0	0	752	2931	258	187	1394	16	40	132	0	844	650	441	0	0	0	4	2	0	5	61	1156	67	0	3	51	0	0	0	0	0	0	0	0	0	0	0	0	0	4	34	0	0	0	0	134
sim_meta-120	541	2	18798	1	16	0	0	2	1	11	0	25	0	18	75	55	3681	0	0	0	0	0	148	11	520	0	0	171	2315	2267	0	0	52	9	116	0	1	109	73	16	0	64	2	2	5	0	260	19	0	0	4	0	1312	11	0	0	0	1454	4173	273	332	2238	51	2	208	6	1188	1317	1053	0	0	9	3	0	0	0	42	1259	57	0	4	53	0	71	0	0	0	0	2	0	0	0	0	0	8	6	5	0	2	1	0	210
sim_meta-121	334	4	13960	6	28	0	0	0	0	0	0	0	0	0	26	25	1497	0	11	0	0	0	142	37	677	0	0	167	2588	2925	1	8	56	8	107	0	2	22	38	1	0	59	0	0	83	14	131	9	0	0	0	0	1266	4	0	0	0	758	3019	342	293	1842	4	30	289	1	880	829	598	0	0	0	6	3	0	0	70	1432	76	0	0	90	0	51	0	0	0	0	4	0	0	0	0	0	4	0	18	2	0	0	0	115
sim_meta-122	284	4	14288	100	33	0	0	0	0	3	0	20	0	4	63	48	2302	54	0	0	0	0	84	12	809	0	0	184	2403	2487	0	27	61	11	47	0	0	33	48	11	0	74	0	0	25	5	111	33	0	0	1	1	1311	1	0	0	0	837	3134	312	260	1793	20	12	227	0	1070	1082	752	3	0	0	1	1	0	0	12	1236	17	10	3	72	0	43	0	0	0	0	1	1	4	0	0	0	6	13	2	0	1	1	0	175
sim_meta-123	279	4	13057	179	45	0	0	2	0	5	0	31	0	1	49	38	2402	0	0	0	0	0	125	0	624	0	0	169	2116	2086	0	8	76	5	95	0	2	136	95	31	0	73	0	0	25	0	149	4	0	0	0	0	1304	6	0	0	0	1395	3714	263	317	2142	15	8	208	0	1270	2168	862	12	0	0	3	0	0	0	48	1146	84	35	3	37	0	103	0	0	5	0	0	0	0	0	0	2	0	4	12	0	2	1	0	154
sim_meta-124	391	3	15619	1	12	0	0	0	0	10	0	23	0	17	33	30	2523	0	8	0	0	0	176	20	770	0	0	215	2394	2227	0	27	86	37	160	0	9	114	38	6	0	9	2	7	101	7	130	4	0	0	0	0	1496	18	0	0	0	1053	3233	252	248	1822	30	0	225	0	1261	1380	878	3	0	0	1	0	0	0	35	1151	84	2	0	17	0	76	0	0	0	0	2	0	0	0	0	0	2	0	0	1	0	3	0	245
sim_meta-125	314	3	13247	6	44	0	0	0	0	3	1	44	0	4	29	31	1412	0	0	0	0	0	176	33	572	0	0	179	2487	2163	0	25	73	0	130	0	0	40	33	15	0	39	0	0	8	4	85	17	0	0	0	0	1253	4	0	0	0	690	3102	321	614	1861	13	1	226	2	817	645	537	3	0	0	1	1	0	2	12	1301	17	5	0	42	0	39	0	0	0	0	5	0	0	2	0	0	2	1	9	0	0	0	0	258
sim_meta-126	290	0	13597	4	26	0	0	4	0	0	0	0	0	0	26	23	2025	0	1	0	0	0	166	28	625	9	0	204	2075	2254	0	0	7	2	75	0	0	57	49	11	0	42	0	0	25	2	207	33	0	0	2	0	1386	1	0	0	0	999	3307	252	407	2119	9	12	205	0	794	920	686	0	0	6	0	3	0	0	7	1290	20	1	0	23	0	32	0	0	0	5	0	0	3	2	0	0	0	2	21	1	0	0	0	160
sim_meta-127	346	11	15039	28	26	0	0	0	0	0	0	22	0	0	39	55	2266	0	0	2	0	0	50	3	801	1	0	205	2432	2833	2	3	34	0	80	0	0	28	23	6	0	36	0	0	1	0	111	19	0	0	0	0	1268	11	0	0	0	395	3298	324	189	2244	2	25	216	0	1022	1200	878	0	0	0	7	6	2	18	14	1310	35	4	3	52	0	31	0	0	0	0	2	0	0	0	0	7	0	6	16	0	0	0	15	84
sim_meta-128	387	3	14930	58	11	0	0	0	0	19	0	15	0	13	51	49	2697	0	5	0	0	0	216	18	693	2	0	148	2070	1992	0	0	0	0	51	0	1	33	40	13	0	12	1	0	27	0	193	14	0	0	2	0	1394	4	0	0	0	1407	3768	288	434	1941	11	10	182	0	1042	1486	876	17	0	6	4	3	0	0	17	1304	57	0	0	34	0	80	0	0	0	0	2	0	0	0	0	0	4	0	24	0	0	1	0	162
sim_meta-129	380	0	16447	1	20	0	0	0	0	0	0	0	0	0	34	33	1424	0	17	6	0	1	101	8	769	0	0	141	2602	2857	3	10	44	77	49	0	0	28	0	0	0	12	1	14	17	0	152	24	0	0	0	0	1421	22	0	0	0	1525	4230	222	370	2057	18	16	166	0	2209	2683	854	0	0	0	5	7	0	0	58	1099	133	0	3	11	0	99	0	0	0	0	6	0	0	0	0	0	8	0	24	0	0	6	0	108
sim_meta-13	358	5	13216	7	25	0	0	0	0	10	0	0	0	15	43	52	1324	0	2	0	0	0	87	30	730	0	0	182	2376	2593	3	0	13	0	114	0	2	53	57	12	0	52	1	2	21	7	145	27	0	0	0	0	1409	12	0	0	0	976	3300	316	150	1801	15	8	272	3	964	1013	615	4	0	0	1	2	1	0	43	1261	72	0	1	39	0	62	0	0	0	0	3	0	0	0	0	0	0	4	36	0	0	2	0	182
sim_meta-130	239	0	13262	77	11	0	0	0	0	0	0	2	0	0	28	33	1453	0	0	0	0	0	103	13	716	3	0	169	2703	2788	6	10	137	20	45	0	0	18	4	1	0	13	0	3	50	0	223	16	0	0	0	0	1395	3	0	0	0	940	3348	305	330	2034	5	14	273	13	936	1233	642	12	0	0	1	0	0	0	10	1169	16	2	2	63	0	48	0	0	0	0	2	0	0	0	2	0	0	5	13	0	0	0	0	113
sim_meta-131	287	0	11681	25	13	0	0	1	0	0	0	54	0	0	32	19	423	0	0	0	0	0	242	2	726	0	0	193	2225	2656	0	5	30	0	73	0	0	1	4	0	0	5	0	0	22	0	96	3	0	0	0	0	1365	5	0	0	0	267	2674	292	417	1520	0	0	221	3	580	851	371	0	0	1	2	0	0	0	0	1305	2	14	3	23	1	0	0	0	0	0	0	0	0	0	0	0	0	2	0	0	0	0	0	77
sim_meta-132	428	7	15093	10	31	0	0	0	0	0	0	1	0	0	24	24	1060	0	4	0	0	0	163	19	766	0	0	183	2198	2325	3	14	32	35	70	0	0	51	21	4	0	20	0	3	13	0	185	5	0	0	1	0	1288	16	0	0	0	1727	4180	242	598	2393	13	19	226	3	957	1038	569	4	0	0	7	1	0	0	49	1230	79	0	2	25	0	99	0	0	0	0	2	0	0	0	0	0	2	3	37	1	2	4	19	139
sim_meta-133	319	11	16056	18	21	0	0	0	0	0	0	3	0	0	30	34	2493	0	0	0	0	0	146	19	714	0	0	181	2213	2185	3	1	10	0	76	0	1	83	97	15	0	22	0	5	27	3	134	4	0	0	3	0	1223	2	0	0	0	1015	3627	298	357	2068	39	39	230	0	980	1024	765	0	0	1	2	4	2	0	28	1440	47	0	2	68	0	88	0	0	0	0	1	0	0	0	0	0	1	0	33	2	0	0	18	193
sim_meta-134	288	0	12425	0	42	0	0	0	0	0	0	0	0	0	9	25	532	0	0	0	0	0	117	17	649	0	0	202	2368	2189	0	0	0	0	67	0	0	0	0	0	0	6	0	0	22	0	118	16	0	0	0	0	1238	1	0	0	0	505	3600	309	317	2027	0	7	185	0	506	144	363	0	0	0	3	0	2	0	2	1658	2	0	0	16	0	0	0	0	0	0	5	0	0	0	0	0	0	0	0	0	1	0	0	179
sim_meta-135	195	0	11393	30	26	0	0	0	0	0	0	28	0	0	42	59	501	0	3	0	0	0	117	33	829	0	0	195	2145	2657	0	0	12	43	41	0	4	49	36	7	0	33	0	5	62	0	125	11	0	0	0	0	1310	4	0	0	0	1075	3102	325	277	1765	11	14	234	3	863	966	443	0	0	4	8	5	0	0	27	1354	33	10	5	36	0	32	0	0	0	0	0	0	0	0	1	0	6	0	23	0	0	0	0	64
sim_meta-136	341	0	14756	15	7	0	0	0	0	30	0	47	0	9	43	61	2764	0	12	0	4	0	174	15	635	0	0	224	2804	2590	0	61	109	0	92	0	0	11	12	0	0	65	3	0	49	0	321	17	1	4	0	0	1428	11	0	0	0	740	3099	310	465	1932	16	13	234	12	735	1110	873	4	26	2	4	2	0	0	43	1397	76	0	0	44	0	17	0	0	0	0	0	0	0	0	0	0	6	0	0	0	2	1	0	216
sim_meta-137	212	0	9900	0	35	0	0	10	0	0	1	5	0	0	41	43	920	27	0	0	0	0	98	18	647	0	0	169	2411	2703	0	7	65	24	113	0	0	9	0	0	0	16	0	0	31	0	65	17	0	0	0	0	1399	0	0	0	0	305	2838	261	317	1758	0	4	202	0	595	272	408	0	0	0	1	1	1	0	0	1319	0	0	0	39	0	0	0	0	0	0	2	0	0	0	0	0	3	4	0	0	0	0	0	112
sim_meta-138	257	0	9571	46	27	0	0	0	0	0	0	0	0	0	28	58	786	0	0	0	0	0	76	9	761	2	0	175	2471	2741	0	13	49	0	125	0	0	106	12	2	0	16	0	0	8	0	144	37	0	0	0	0	1478	2	0	3	0	398	3139	294	180	2162	2	7	203	0	627	361	423	0	0	0	1	1	1	0	1	1386	0	0	1	34	0	0	0	0	0	0	3	0	0	0	0	0	16	0	0	0	2	1	0	120
sim_meta-139	216	0	11610	13	22	0	0	0	0	0	0	0	0	0	19	23	1209	13	4	0	0	0	141	20	729	0	0	195	2711	2547	0	46	58	14	58	0	2	41	2	0	0	21	1	1	51	0	85	15	0	0	4	0	1299	7	0	0	0	700	2605	321	707	1537	19	5	162	0	849	945	577	0	0	0	1	0	0	0	27	1207	52	8	0	43	0	9	0	0	0	0	0	0	0	0	0	0	6	1	3	0	0	0	0	123
sim_meta-14	463	0	12941	11	33	0	0	0	0	0	0	74	0	0	42	44	671	1	4	0	0	0	66	29	758	0	0	192	2137	2191	3	5	12	18	45	0	3	32	15	2	0	29	1	7	19	0	151	23	0	0	0	0	1201	11	0	0	0	1110	3605	249	193	2230	11	14	201	2	830	812	448	2	0	3	2	1	0	0	70	921	65	6	8	56	0	29	0	0	0	0	2	0	0	0	0	0	3	0	6	0	1	1	0	91
sim_meta-140	313	0	12273	1	35	0	0	0	0	0	0	0	0	0	17	20	1082	0	0	1	0	0	61	27	757	0	0	226	2431	2411	0	13	15	14	27	0	2	7	0	1	0	47	0	0	50	0	186	16	0	0	0	0	1289	3	0	0	0	465	3181	317	253	2188	2	18	230	0	572	291	445	0	0	0	3	5	0	0	0	1114	2	0	3	32	0	0	0	0	0	0	2	0	2	0	0	0	1	1	14	0	2	0	0	65
sim_meta-141	261	4	13329	30	43	0	0	0	0	0	0	23	0	0	19	12	2114	11	0	2	0	0	91	12	682	1	0	169	2270	2546	0	24	54	0	67	0	0	20	17	6	0	36	0	0	21	0	92	8	0	0	0	0	1416	0	0	0	0	468	2901	271	396	1863	2	29	181	0	779	1007	779	0	0	0	6	0	0	0	3	1271	15	4	0	53	0	1	0	0	0	0	2	0	0	0	0	5	3	3	27	0	0	1	0	85
sim_meta-142	345	6	13952	15	32	0	0	0	1	0	1	26	0	0	18	30	1047	20	0	0	0	0	135	22	656	5	0	189	2320	2517	0	29	69	21	74	0	1	41	39	5	0	64	1	2	15	1	171	21	0	0	0	0	1256	9	0	0	0	720	3296	323	336	1807	22	27	253	0	772	636	508	2	0	0	0	3	5	0	28	1148	59	0	1	65	0	36	0	0	0	0	2	0	0	0	0	0	5	0	7	0	0	0	0	135
sim_meta-143	417	3	12737	41	9	0	0	0	1	0	0	51	0	0	37	55	1395	0	0	0	0	0	155	12	591	0	0	196	2731	2710	0	5	23	0	46	0	3	66	27	9	0	32	0	0	23	0	201	18	0	0	1	0	1354	11	0	0	0	1168	3388	347	324	1873	40	14	233	0	938	1863	660	4	0	1	1	5	0	0	37	1139	58	7	3	49	0	59	0	0	0	1	1	0	15	0	0	0	5	6	31	1	0	0	0	96
sim_meta-144	384	2	12859	1	52	0	0	0	13	47	0	31	0	0	28	54	1996	0	23	0	5	0	45	2	652	0	0	189	2841	2469	0	30	41	0	40	0	0	0	0	0	0	13	0	0	35	0	189	18	5	4	0	0	1093	8	1	0	0	399	2987	299	262	1727	0	8	202	0	649	404	670	0	26	0	0	0	0	0	0	1048	35	0	2	63	0	0	1	0	0	4	0	0	11	0	0	0	0	0	0	0	2	0	0	109
sim_meta-145	408	4	14486	0	19	0	0	0	0	0	0	13	0	0	40	46	1251	0	0	0	0	0	178	28	684	0	0	219	2194	2233	0	0	27	22	144	0	0	49	37	10	0	25	0	0	22	3	182	35	0	0	0	0	1313	6	0	0	0	788	3606	327	724	2149	24	4	239	2	916	731	552	0	0	0	2	3	0	0	53	1454	84	0	4	35	0	46	0	0	0	0	0	0	0	0	0	0	0	1	12	0	2	0	0	117
sim_meta-146	633	11	19362	76	28	0	0	0	0	0	0	5	0	0	61	76	3848	0	0	0	0	0	101	22	806	0	0	173	2694	2737	0	17	20	0	120	0	0	115	92	18	0	80	0	6	52	11	208	21	0	0	0	0	1543	1	0	0	0	1048	3931	290	359	2335	70	11	178	5	1031	1357	1144	22	0	0	4	3	8	0	26	1383	40	0	4	77	0	84	0	0	0	0	0	0	0	0	0	0	1	0	2	4	2	0	0	227
sim_meta-147	439	0	12968	72	15	0	0	0	0	0	0	75	0	0	35	18	1374	0	0	0	0	0	115	26	559	0	0	216	2528	2537	0	15	40	84	66	0	0	14	2	0	0	14	0	2	26	0	74	27	0	0	0	0	1353	3	0	0	0	1007	3252	294	295	1781	0	3	200	3	918	1775	589	0	0	0	1	0	0	6	14	1102	12	6	4	32	0	37	1	0	0	5	0	0	7	0	0	0	10	0	10	0	2	0	0	106
sim_meta-148	435	0	20275	0	29	0	0	0	0	0	0	0	4	0	22	10	2036	0	12	0	0	0	137	89	722	0	0	184	2030	1842	0	0	153	0	74	0	0	111	164	44	0	71	1	18	7	0	182	33	0	0	0	0	1055	11	0	0	0	1645	4120	281	244	2151	43	0	346	28	820	905	820	0	0	0	4	0	0	0	123	1088	124	0	6	21	0	153	0	0	0	0	0	0	0	0	0	0	0	0	0	6	0	1	12	161
sim_meta-149	293	4	13739	5	76	0	0	0	0	0	0	14	0	0	9	10	2674	10	0	0	0	0	83	15	830	1	0	222	2109	2137	0	36	51	0	76	0	0	36	14	4	0	62	0	0	7	0	51	29	0	0	0	0	1465	3	0	0	0	483	3105	307	413	1940	2	28	155	38	853	751	822	9	0	1	1	1	0	12	0	1255	2	2	3	40	0	4	0	0	0	3	5	0	27	1	0	0	0	1	4	0	2	2	0	130
sim_meta-15	464	2	13800	5	27	0	0	0	0	0	0	51	0	0	34	42	755	5	6	0	0	0	96	20	747	0	0	192	2356	2292	2	11	24	0	43	0	1	95	35	8	0	36	0	5	28	0	95	15	0	0	0	0	1298	4	0	0	0	1267	3815	337	281	2188	42	1	217	6	1137	1239	503	0	0	0	1	2	0	3	31	1225	54	0	6	17	0	42	0	0	0	0	0	0	0	0	0	0	1	0	11	0	1	0	0	101
sim_meta-150	220	6	12387	506	60	59	2	2	0	76	0	0	0	0	37	24	4493	0	23	0	5	0	119	0	816	0	0	258	2526	2584	0	68	113	0	28	0	0	43	5	4	0	0	0	0	0	0	337	34	5	16	0	0	1330	23	3	0	0	1007	3410	413	682	1819	34	0	217	0	1054	2612	1524	0	59	0	1	1	0	0	0	1290	37	45	0	31	0	0	0	0	0	0	6	0	0	0	0	0	14	0	0	0	0	0	0	163
sim_meta-16	308	6	12688	24	23	0	0	0	0	0	1	28	0	0	42	53	1621	0	0	0	0	0	141	26	747	5	0	179	1877	2005	0	15	15	61	79	0	1	47	72	11	0	26	0	3	36	2	150	24	0	0	0	0	1257	3	0	0	0	719	2916	332	294	1961	34	16	280	0	789	953	669	1	0	0	2	1	4	0	22	1418	26	5	2	58	0	57	0	0	0	0	1	0	0	0	0	0	5	5	1	0	0	0	0	212
sim_meta-17	258	4	13916	555	14	61	0	21	0	27	0	0	0	0	38	40	3574	0	12	0	2	0	127	8	688	0	0	213	2002	2554	1	24	33	23	97	0	6	9	30	6	0	11	0	0	15	0	276	23	1	4	0	0	1307	7	0	0	0	987	3726	282	286	1930	0	0	144	0	798	2677	1303	0	17	0	1	1	0	0	0	1249	17	53	4	26	0	0	0	0	0	0	8	0	0	0	0	0	1	2	0	0	1	0	0	122
sim_meta-18	463	1	15666	55	53	0	0	4	0	0	0	10	2	0	45	42	1518	38	0	0	0	0	79	29	625	0	0	172	2349	2580	0	30	72	0	169	0	0	62	15	3	0	7	0	1	40	0	179	10	0	0	0	6	1422	5	0	0	0	862	4005	304	349	2214	20	5	240	3	848	859	611	0	0	0	6	0	0	0	12	1320	11	4	6	95	0	62	0	0	5	0	0	2	0	0	0	0	0	15	3	0	0	1	0	127
sim_meta-19	305	9	13173	3	39	0	0	0	0	68	0	55	0	0	6	4	2641	0	25	0	5	0	210	4	689	0	0	223	1700	1984	0	77	69	0	71	0	0	49	0	0	0	20	0	0	6	0	206	25	5	15	0	0	1255	3	0	0	0	606	2933	293	475	1501	0	23	179	0	691	794	801	20	55	0	2	0	0	0	0	1412	44	0	0	35	0	5	0	0	0	8	1	0	15	0	0	0	0	0	0	0	0	0	0	234
sim_meta-2	373	3	12465	0	19	0	0	0	0	0	0	0	0	0	16	31	769	0	0	0	0	2	57	2	778	1	0	193	3099	3618	0	14	35	0	80	0	0	69	38	4	0	22	1	0	24	0	259	24	0	0	0	0	1553	13	0	0	0	847	3341	293	317	1778	12	2	212	0	675	395	438	0	0	0	1	2	0	0	59	1136	68	0	1	58	0	20	1	0	0	10	0	0	23	0	0	0	7	8	0	0	4	2	0	138
sim_meta-20	271	0	12699	12	28	0	0	0	0	0	0	9	0	0	25	19	1606	48	0	0	0	0	113	13	639	0	0	175	2652	2815	0	38	47	0	106	0	1	17	8	4	0	34	0	0	0	0	139	11	0	0	0	3	1562	2	0	0	0	471	3110	304	453	1741	3	22	262	0	712	621	587	0	0	0	2	1	0	0	0	1114	5	3	3	51	0	26	0	0	0	0	0	8	0	1	0	2	3	29	0	0	0	0	0	136
sim_meta-21	317	0	11683	8	34	0	0	0	1	0	0	30	0	0	21	36	603	11	6	0	0	0	105	31	741	1	0	178	2205	2343	2	32	56	0	108	0	1	21	13	0	0	31	1	6	72	0	117	39	0	0	0	0	1440	2	0	0	0	767	3380	334	648	2020	4	27	201	2	807	780	423	17	0	0	1	0	0	0	20	1213	24	5	3	14	0	25	0	0	0	0	3	0	0	0	0	0	1	6	6	0	0	1	0	135
sim_meta-22	315	16	19100	37	25	0	0	0	0	0	0	4	0	0	61	23	3883	0	3	0	0	0	133	39	765	5	0	169	2436	2524	2	0	137	0	114	0	0	146	157	19	15	40	0	5	17	0	187	6	0	0	0	3	1478	9	0	0	0	1077	3617	310	322	1863	15	31	265	9	1156	1502	1233	11	0	0	7	4	0	0	123	1514	111	13	7	64	0	90	0	0	0	0	1	0	0	0	0	9	2	7	52	4	4	0	32	278
sim_meta-23	257	8	13696	96	34	0	0	0	0	0	0	0	0	0	35	27	1788	19	0	0	0	0	154	41	783	4	0	198	2291	2668	1	42	79	0	79	0	0	68	27	9	0	13	0	7	18	0	323	14	0	0	5	0	1327	9	0	0	0	1412	3286	326	275	1776	19	16	316	8	1427	1736	821	0	0	0	7	0	0	0	27	1370	45	9	5	65	0	125	0	0	0	0	0	0	0	0	0	0	3	4	22	1	0	0	30	163
sim_meta-24	362	0	13162	223	35	0	0	0	0	0	0	39	0	0	61	76	2238	0	0	0	0	0	36	3	678	0	0	160	2405	2306	0	1	61	0	87	0	0	170	98	18	0	17	0	0	34	0	163	14	0	0	0	0	1231	8	0	0	0	277	3735	242	273	2441	11	3	218	0	569	1106	766	0	0	0	3	4	0	0	0	1552	5	50	0	16	0	62	0	0	0	1	6	0	10	0	0	0	0	0	0	0	0	0	0	56
sim_meta-25	325	0	12556	4	64	0	0	0	0	0	0	9	0	0	32	36	746	0	0	0	0	0	56	28	636	2	0	175	2353	2522	0	0	17	0	17	0	0	25	23	5	0	65	0	4	3	0	133	10	0	0	0	0	1396	5	0	0	0	789	3340	281	246	2287	12	11	192	0	545	276	424	0	0	0	0	1	1	0	13	1382	11	0	5	44	0	9	0	0	0	0	0	0	0	0	0	0	2	2	2	0	2	0	3	89
sim_meta-26	332	0	8548	2	31	0	0	0	0	0	0	167	0	0	31	59	492	0	0	0	0	1	30	0	708	0	0	212	2698	2716	0	22	30	0	0	0	7	4	0	0	0	4	0	0	39	0	25	43	0	0	0	0	1508	7	0	0	0	595	3286	277	239	2180	0	0	154	0	812	315	373	0	0	0	0	1	0	0	14	1541	5	0	0	9	0	15	0	0	0	0	14	0	0	0	0	0	6	0	0	0	1	0	0	159
sim_meta-27	260	2	11988	33	47	0	0	1	0	0	0	11	0	0	30	25	1376	0	0	0	0	0	138	11	745	2	0	162	2121	2431	1	4	42	2	71	0	0	42	22	5	10	33	0	0	33	0	66	16	0	0	0	0	1331	3	0	0	0	973	3525	249	394	2095	10	11	200	0	1277	1448	660	9	0	0	2	2	0	0	24	1232	32	3	1	49	0	53	0	0	0	0	5	0	0	0	0	5	3	2	12	0	0	0	0	99
sim_meta-28	487	10	18016	2	23	0	0	0	0	0	0	0	0	0	68	66	3418	0	0	0	0	0	380	37	704	0	0	170	1909	1914	0	0	3	0	136	0	0	116	91	28	0	16	0	0	1	12	266	6	0	0	8	0	1291	16	0	0	0	2318	4201	286	201	1926	60	0	345	5	1628	1900	979	0	0	27	4	0	1	0	0	1222	3	0	3	66	0	202	0	0	0	0	0	0	0	0	0	0	1	5	30	0	14	0	0	239
sim_meta-29	346	6	12466	1	20	0	0	0	0	0	0	0	0	0	31	55	2182	0	0	0	0	0	76	12	782	0	0	192	2654	2794	1	0	26	0	36	0	0	117	55	21	0	47	0	0	0	0	117	20	0	0	0	0	1370	7	0	0	0	745	2733	244	357	1770	47	4	232	5	782	706	773	1	0	0	7	3	0	0	9	1340	15	0	0	47	0	31	0	0	0	0	0	0	0	0	0	0	0	4	8	0	0	2	0	99
sim_meta-3	235	0	9713	4	10	0	0	0	0	0	0	0	0	0	27	51	513	34	0	0	0	0	158	14	820	0	0	219	3454	3053	0	26	54	20	69	0	0	63	2	1	0	51	0	0	60	0	82	2	0	0	0	3	1448	8	0	0	0	694	2381	272	220	1291	29	8	332	0	724	393	367	3	0	0	0	1	0	0	19	1135	55	0	0	44	0	13	0	0	0	0	0	0	0	0	0	0	4	6	0	0	0	3	0	157
sim_meta-30	482	15	15275	0	8	0	0	13	0	17	0	16	0	39	53	51	2035	0	0	0	0	0	190	60	793	0	0	218	2254	2572	0	0	1	0	116	0	0	148	129	22	0	36	12	19	127	15	282	7	0	0	0	0	1250	11	0	0	0	1285	3313	356	304	2168	74	33	409	0	767	446	687	0	0	0	0	1	14	0	101	1698	147	0	4	104	0	100	0	0	0	0	0	0	0	2	0	0	14	0	0	2	0	0	0	315
sim_meta-31	447	0	17166	44	28	0	0	0	0	0	0	26	3	0	55	59	1884	0	3	4	0	0	86	26	768	0	0	181	2522	2527	0	7	112	11	71	0	1	35	108	43	0	6	0	6	32	0	209	22	0	0	0	0	1336	10	0	0	0	1225	3991	271	580	1932	29	0	291	12	1024	2162	809	0	0	0	7	5	0	0	91	1247	103	6	10	41	0	46	0	0	0	0	0	0	0	0	0	0	11	0	53	1	0	0	8	100
sim_meta-32	278	0	11592	37	10	0	0	0	0	0	0	55	0	0	33	52	1716	9	0	0	0	0	113	16	690	2	0	182	2425	2455	0	13	58	0	29	0	0	74	37	18	0	35	0	0	36	0	142	25	0	0	0	0	1241	3	0	0	0	1094	3234	246	183	1916	9	1	177	0	804	831	606	0	0	0	4	0	0	0	0	1262	13	7	0	23	0	59	0	0	0	0	0	0	0	1	0	0	1	0	15	0	0	0	0	106
sim_meta-33	339	1	14286	5	28	0	0	6	0	0	0	0	0	0	32	45	2278	37	0	0	0	0	109	11	650	1	0	133	2384	2551	2	18	74	0	46	4	0	75	51	5	0	35	0	0	11	0	136	4	0	0	0	3	1303	7	0	0	0	749	2996	250	229	1463	29	11	164	35	1285	1569	833	0	0	0	1	1	0	0	0	1093	4	0	1	33	0	38	0	1	10	0	0	0	0	1	0	0	4	11	7	0	0	0	0	127
sim_meta-34	268	3	10450	1	38	0	0	0	0	0	0	19	0	0	26	48	635	30	0	0	0	0	114	27	733	0	0	211	2262	2834	0	0	15	0	127	0	0	87	8	2	0	3	0	0	26	0	105	14	0	0	1	2	1347	4	0	0	0	486	2650	312	784	1601	61	4	182	0	634	565	378	0	0	5	5	2	0	0	0	1281	5	2	1	22	0	8	0	0	0	0	0	0	0	0	0	0	17	10	0	0	4	1	0	134
sim_meta-35	472	9	15708	17	12	0	0	0	0	0	0	39	0	0	69	51	2294	15	0	0	0	0	125	14	709	0	1	201	2060	2116	0	7	12	0	102	0	0	113	48	13	0	17	0	9	9	13	180	14	0	0	10	0	1105	6	0	0	0	1462	3096	315	400	1717	40	29	166	7	1029	1218	759	1	0	5	3	1	6	0	34	1201	41	6	2	34	0	110	0	0	0	0	1	0	0	0	0	0	0	1	28	1	1	1	0	177
sim_meta-36	450	0	14484	177	26	0	0	0	0	0	0	78	0	0	39	46	2581	0	3	0	0	0	56	17	721	0	0	200	2143	2504	0	31	49	0	79	0	0	20	7	2	0	29	0	2	10	0	146	11	0	0	0	0	1368	11	0	0	1	584	3017	279	380	1758	11	1	114	2	977	1313	899	0	0	0	2	2	0	0	11	1277	35	11	1	81	0	18	0	0	0	0	4	0	0	0	0	0	2	0	5	0	0	0	0	144
sim_meta-37	428	2	16236	47	26	0	0	0	0	4	0	12	0	0	33	30	1890	7	9	0	0	0	134	26	662	7	0	201	2201	2475	0	24	121	0	150	0	3	87	97	16	0	25	0	5	31	6	154	13	0	0	0	0	1156	5	0	0	0	1304	3552	271	431	1925	10	26	232	5	1082	1438	780	1	0	0	4	6	0	0	93	1429	108	0	1	53	1	99	0	0	0	0	1	0	0	0	0	0	2	0	30	4	4	1	0	166
sim_meta-38	139	0	10080	0	36	0	0	0	3	0	0	38	0	0	29	47	1236	16	2	0	0	0	102	5	712	3	0	182	2671	2354	0	9	32	63	54	0	0	13	0	0	0	44	0	2	40	0	41	16	0	0	0	1	1345	13	0	0	0	698	2654	297	376	1794	4	9	228	0	735	526	475	0	0	0	1	1	0	0	8	1147	27	0	1	24	0	22	0	0	0	0	0	0	0	0	0	0	4	6	21	0	0	0	0	188
sim_meta-39	288	0	11136	56	58	0	0	0	0	0	0	9	0	0	25	53	564	0	0	0	0	0	80	11	572	0	0	159	2447	2816	0	14	65	43	26	0	0	7	0	0	0	38	0	0	4	0	24	21	0	1	0	0	1416	0	0	4	0	571	3405	271	246	1892	3	10	279	0	727	1530	555	0	0	3	1	0	0	0	0	1197	1	18	1	19	0	2	0	0	0	0	0	0	0	0	0	0	7	2	0	0	3	0	0	54
sim_meta-4	382	0	18101	29	22	0	0	0	0	0	0	27	0	0	52	48	2753	0	0	0	0	0	100	3	664	2	0	199	2050	1915	0	19	56	0	75	0	1	8	55	21	0	29	0	0	7	0	134	25	0	0	0	0	1211	5	0	0	1	845	3335	273	402	1823	11	17	211	2	907	1327	874	0	0	0	5	3	0	2	60	1020	92	0	7	39	0	1	0	0	0	0	2	0	0	0	0	8	3	2	55	0	1	0	0	118
sim_meta-40	456	10	15598	155	5	20	0	0	5	6	0	0	0	7	54	79	2104	14	4	0	0	0	112	30	828	1	0	172	2564	2757	0	38	104	0	115	0	0	120	74	9	0	21	0	8	52	5	395	13	1	0	0	0	1171	4	0	0	0	1275	3611	336	248	1987	42	25	291	0	1152	1848	891	0	9	0	7	2	2	0	67	1331	79	22	3	91	0	123	0	0	0	0	6	0	0	0	0	0	2	1	27	1	1	0	0	139
sim_meta-41	275	0	10178	36	28	0	0	0	0	0	0	35	0	0	37	48	195	0	0	0	0	0	139	33	799	0	0	200	2185	2782	0	2	2	58	187	0	0	0	11	7	0	24	0	0	27	0	85	17	0	0	0	0	1283	8	0	0	0	469	2520	315	218	1658	0	0	191	0	626	409	382	0	0	5	1	0	0	1	2	1428	4	24	3	31	0	0	0	0	0	2	7	0	4	0	0	0	0	0	0	0	0	0	0	105
sim_meta-42	242	2	12977	44	32	0	0	0	0	1	0	15	2	1	20	28	1057	0	0	2	0	0	88	22	712	0	0	189	2154	2304	0	18	25	0	78	0	2	49	23	7	0	17	0	0	22	0	103	26	0	0	0	0	1265	8	0	0	0	568	3336	339	464	2059	4	14	207	24	668	716	507	17	0	0	6	1	0	0	18	1286	19	0	5	40	0	16	0	0	0	4	0	0	4	0	0	0	0	0	6	1	2	1	0	117
sim_meta-43	436	18	16451	21	11	0	0	5	0	0	0	44	0	0	59	61	1791	0	0	0	0	0	170	1	679	0	0	188	2716	2648	2	2	21	0	119	2	0	84	87	23	0	63	0	0	51	0	264	29	0	0	4	0	1308	9	0	0	0	1945	3497	263	288	1889	47	26	207	0	1350	1597	769	0	0	26	4	2	0	0	45	1071	49	0	5	49	0	131	2	0	10	6	1	0	16	1	0	0	2	1	34	1	0	1	21	123
sim_meta-44	390	4	11422	29	18	0	0	0	0	0	0	0	0	0	38	37	899	0	0	0	0	1	137	29	709	0	0	187	2325	2322	0	11	62	0	54	0	3	64	7	0	0	18	0	9	8	0	154	65	0	0	0	0	1182	0	0	0	0	1455	3572	299	292	2291	17	0	148	12	641	456	495	0	0	0	1	2	1	0	45	1304	39	2	3	16	0	79	0	0	0	0	0	0	0	0	0	0	2	0	11	0	0	0	0	64
sim_meta-45	297	17	11494	1	30	0	0	0	0	6	0	37	0	1	52	42	1345	35	0	3	0	0	108	22	744	7	0	180	2617	2769	0	17	25	19	105	0	0	91	56	17	0	26	0	1	72	4	91	7	0	0	1	0	1500	8	0	0	0	1013	2641	300	404	1500	66	10	212	0	965	961	629	0	0	2	2	2	5	0	25	1270	29	0	8	59	0	58	0	0	0	0	0	1	0	0	0	0	5	9	29	0	0	0	0	165
sim_meta-46	608	0	19487	6	17	0	0	0	0	0	0	0	0	0	81	37	1326	116	0	0	0	0	134	23	630	0	0	189	2831	2747	0	0	68	0	55	0	1	37	45	7	0	35	0	0	20	0	307	12	0	0	0	2	1268	11	0	0	0	2119	4840	314	479	2624	5	14	366	0	1555	1843	808	2	0	0	3	3	1	0	104	1242	138	0	0	123	0	45	0	0	0	0	0	4	0	0	2	0	12	53	21	4	0	0	0	194
sim_meta-47	303	24	12389	54	32	0	0	5	0	0	0	62	0	0	26	30	1385	0	0	0	0	0	121	22	732	2	0	210	2361	2380	0	16	24	1	74	0	0	59	52	5	1	28	0	0	27	0	190	16	0	0	0	0	1291	6	0	0	0	609	2940	333	321	1670	14	37	216	0	1071	1112	677	3	0	0	6	3	0	0	16	1377	28	2	1	76	0	39	0	0	0	1	2	0	1	0	0	2	14	5	43	1	0	0	24	157
sim_meta-48	306	1	13669	6	50	0	0	1	0	13	0	0	0	0	33	31	2482	0	3	0	2	0	136	14	755	0	0	198	1941	2258	1	17	58	25	91	0	0	16	2	3	0	35	0	0	37	0	54	9	1	0	0	0	1267	1	1	0	0	672	3263	333	493	2009	0	13	251	0	1312	1493	841	0	6	0	3	1	0	0	16	1547	39	1	0	28	0	33	0	0	0	0	0	0	0	0	0	0	2	0	9	0	1	1	0	197
sim_meta-49	330	0	11817	3	51	0	0	0	0	10	0	29	0	0	15	15	953	0	3	0	0	0	145	31	498	2	0	176	2635	2435	1	20	50	1	72	0	0	16	0	0	0	28	0	0	31	0	86	16	0	3	0	0	1236	1	0	0	1	621	3097	323	349	1785	9	4	261	1	1013	805	572	0	0	0	1	0	0	0	0	1300	14	0	0	27	0	25	0	0	0	0	3	0	0	0	0	0	8	0	2	0	1	0	0	94
sim_meta-5	214	0	10399	3	27	0	0	0	0	0	0	55	0	0	38	46	1091	37	0	0	0	0	130	22	774	0	0	210	2354	2718	0	0	1	0	15	0	0	36	48	14	0	0	0	0	40	0	86	10	0	0	4	0	1344	13	0	0	0	1254	3291	235	595	2212	13	0	278	0	919	767	502	0	0	10	1	0	0	0	0	1389	1	0	0	12	0	59	0	0	0	0	2	0	0	0	0	0	3	8	8	0	0	0	0	100
sim_meta-50	239	1	12594	149	39	0	0	15	3	0	0	10	0	0	36	45	1862	2	2	0	0	0	91	18	758	1	0	189	2293	2284	4	7	43	8	34	4	0	65	44	8	0	18	0	4	29	0	168	27	0	1	0	0	1274	5	0	0	0	581	3378	334	223	1845	24	12	231	29	913	1336	681	0	0	0	4	0	0	0	15	1030	31	12	1	11	0	17	0	0	18	0	1	0	0	2	0	0	2	1	4	0	0	0	0	123
sim_meta-51	229	0	9798	2	22	0	0	0	0	0	0	8	0	0	38	54	374	0	0	0	0	0	58	26	748	0	0	183	2929	2872	0	40	74	0	66	0	0	33	0	0	0	6	0	0	64	0	112	27	0	0	0	2	1435	5	0	0	0	685	2883	274	348	1695	12	3	184	0	579	348	311	0	0	0	1	2	2	0	0	1169	7	0	1	46	0	30	1	0	0	5	0	0	4	0	0	0	7	9	5	0	0	0	0	111
sim_meta-52	256	8	12779	1	38	0	0	0	0	40	0	3	0	0	19	23	1704	25	21	0	1	0	105	25	562	0	0	240	2312	2131	1	50	52	17	126	0	0	1	0	0	0	15	0	0	33	0	121	22	2	7	0	0	1368	0	2	0	1	461	2756	350	233	1615	4	3	134	0	613	685	610	0	45	0	2	0	0	0	0	1301	27	5	0	12	1	10	0	0	0	0	0	0	0	0	0	0	0	6	7	0	0	2	0	179
sim_meta-53	438	4	14793	3	10	0	0	5	0	12	0	19	0	5	41	44	1274	0	0	0	0	0	96	29	683	3	0	175	2119	2398	2	0	11	0	77	1	2	85	46	8	0	21	0	0	22	6	107	18	0	0	0	0	1210	2	0	0	0	892	3610	260	493	2082	23	2	205	0	1129	1106	620	7	0	0	6	8	0	1	43	1417	46	0	0	26	0	42	0	0	7	0	3	0	0	2	0	0	1	0	2	2	0	2	0	176
sim_meta-54	400	1	16222	150	18	0	0	0	0	4	0	15	0	5	54	71	2672	0	1	3	0	0	92	24	706	3	0	177	2166	2393	2	8	27	1	101	0	1	92	77	14	0	44	0	0	33	6	119	8	0	0	3	0	1344	7	0	0	0	1031	3562	248	306	1854	52	17	203	7	1360	1837	987	3	0	0	3	0	0	0	44	1138	60	16	6	34	0	67	0	0	0	0	1	0	0	0	0	0	2	0	28	0	0	2	2	253
sim_meta-55	395	5	15927	23	8	0	0	0	0	15	0	18	0	0	52	45	2457	27	6	0	2	0	57	41	625	0	0	189	2146	2305	0	19	144	22	98	0	0	49	45	12	0	38	0	4	45	3	163	20	4	0	0	0	1241	6	1	0	0	915	3529	290	208	2248	20	16	201	1	895	999	724	0	10	1	8	3	0	0	32	1363	63	10	4	45	0	74	0	0	0	0	2	0	0	0	0	0	0	5	14	0	0	2	0	136
sim_meta-56	322	0	12759	53	66	0	0	0	0	3	0	13	0	10	28	22	1410	0	0	3	0	0	138	24	545	3	0	166	2120	2533	0	9	40	43	89	0	3	14	18	3	12	52	0	0	11	8	32	20	0	0	0	0	1462	2	0	0	0	599	3197	300	339	2031	14	36	254	1	847	1213	669	12	0	5	3	1	0	0	12	1269	16	22	4	85	0	48	0	0	0	0	5	0	0	0	0	1	4	2	46	0	0	1	0	112
sim_meta-57	364	1	17137	0	27	0	0	3	0	0	0	22	0	0	62	31	2850	0	6	3	0	0	67	29	697	0	0	191	1870	2015	0	51	125	0	161	0	0	19	44	2	0	14	0	0	46	10	236	12	0	0	0	0	1220	5	0	0	0	874	3569	330	278	2175	3	56	268	3	845	666	813	0	0	0	11	4	0	0	49	1299	54	0	5	28	0	42	0	0	0	0	1	0	0	0	0	0	3	0	17	2	0	1	0	230
sim_meta-58	264	0	9317	1	34	0	0	0	0	0	0	8	0	0	12	11	696	33	0	0	0	0	75	45	642	6	0	186	2686	2579	0	17	69	0	52	0	0	5	78	11	0	35	0	0	2	0	295	25	0	0	1	0	1368	5	0	0	0	541	3240	281	413	2082	0	19	228	0	689	457	380	0	0	0	4	2	0	0	0	1079	4	0	2	83	0	28	0	0	0	0	0	0	0	0	0	0	6	0	45	0	0	0	0	163
sim_meta-59	306	0	10042	0	5	0	0	0	0	0	0	0	0	0	45	65	754	75	0	0	0	0	86	17	656	7	0	179	2442	2653	0	21	62	17	104	0	0	4	18	2	0	0	0	0	49	0	147	14	0	0	0	3	1420	5	0	0	0	453	2407	263	371	1131	3	0	167	0	700	513	447	0	0	0	1	1	2	0	0	1067	2	0	0	19	0	0	0	0	0	0	0	5	0	0	0	0	16	41	0	0	0	1	0	120
sim_meta-6	261	0	10906	11	48	0	0	0	0	0	0	9	0	0	37	34	1041	0	0	0	0	0	82	19	691	0	0	177	2541	2612	0	25	51	32	40	0	1	6	43	11	0	32	0	0	19	0	80	23	0	0	1	0	1424	2	0	0	0	539	2863	355	249	2159	0	24	266	0	604	395	488	0	0	0	0	2	0	9	0	1337	3	6	1	45	0	4	0	0	0	0	0	0	0	0	0	0	0	0	33	0	2	0	0	77
sim_meta-60	306	15	14021	91	23	0	0	5	0	9	0	10	0	0	22	21	1313	2	5	0	0	0	206	7	658	0	0	223	2271	2349	1	1	17	0	124	1	0	43	44	1	0	63	0	0	25	0	150	12	0	2	0	0	1207	3	0	0	0	801	3247	315	409	1798	19	10	160	23	800	1141	663	0	0	0	8	7	1	0	10	1268	18	4	3	35	0	44	0	0	6	0	0	0	0	3	0	0	3	3	18	0	2	0	32	184
sim_meta-61	157	21	11183	16	10	0	0	6	0	0	0	0	0	0	32	27	846	0	0	0	0	0	72	14	664	0	0	201	2799	2896	4	18	18	0	59	0	0	57	47	11	0	102	0	0	11	0	162	39	0	0	0	0	1399	2	0	0	0	1202	2764	300	242	1540	20	12	176	0	1138	1330	528	5	0	0	4	1	0	8	36	1050	36	0	4	20	0	111	0	0	0	0	0	0	0	0	0	0	1	1	29	3	4	1	17	109
sim_meta-62	430	7	14321	32	14	0	0	0	0	0	0	32	0	0	54	53	1888	16	0	0	0	0	157	17	707	10	0	174	2443	2532	0	7	86	0	59	0	0	83	63	13	0	8	0	6	33	2	178	14	0	0	3	0	1413	12	0	0	0	1026	3648	266	389	2196	22	10	311	2	1183	1521	764	0	0	0	6	6	0	0	71	1128	82	15	3	61	0	59	0	0	0	7	0	0	7	0	0	0	2	1	44	1	3	0	0	186
sim_meta-63	266	0	10851	53	26	0	0	1	3	6	1	41	0	4	30	30	560	0	0	0	0	0	50	19	664	0	0	206	2532	2551	0	10	17	0	48	0	1	37	6	2	0	12	0	0	11	0	42	30	0	0	0	0	1252	2	0	0	0	478	2804	266	336	1659	5	2	285	0	716	867	433	0	0	0	0	2	0	0	4	1207	18	4	0	40	0	3	0	0	0	1	0	0	0	0	0	0	1	0	0	0	1	0	0	62
sim_meta-64	573	10	17271	17	17	0	0	0	0	18	0	40	0	19	90	76	2431	0	0	0	0	0	154	32	723	0	0	216	2260	2212	0	0	4	0	117	0	0	105	130	24	12	96	0	0	36	12	132	17	0	0	3	0	1009	5	0	0	0	1456	3107	294	186	1819	29	9	196	0	1354	1578	870	12	0	11	1	0	0	0	27	1142	37	5	1	74	0	123	0	0	0	0	0	0	0	8	0	6	4	1	4	1	0	0	0	236
sim_meta-65	368	7	14745	2	12	0	0	0	0	6	0	0	0	8	52	51	3087	0	0	0	0	0	95	5	664	0	0	182	2698	2615	0	4	54	0	38	0	0	101	144	24	0	40	0	2	19	0	246	7	0	0	1	0	1226	2	0	0	0	1174	3367	275	168	2035	45	2	154	15	1019	1163	942	0	0	0	0	2	0	6	26	1000	37	0	6	35	0	85	0	0	0	0	0	0	0	0	0	0	0	4	9	0	0	1	0	101
sim_meta-66	426	0	11903	0	13	0	0	1	0	10	0	30	0	0	28	29	1113	0	7	0	0	0	114	6	645	0	0	207	2337	2288	0	5	16	47	55	0	0	14	13	1	0	28	0	0	32	0	117	21	0	8	0	0	1283	6	0	0	0	830	3184	324	298	2158	0	16	222	0	778	446	504	0	0	0	4	1	0	0	23	1306	51	0	0	39	0	15	0	0	0	0	9	0	0	2	0	0	2	0	26	0	0	0	0	137
sim_meta-67	315	0	12649	12	30	0	0	0	0	0	0	33	0	0	35	40	1072	0	5	0	0	0	66	19	686	0	0	215	2080	2142	3	10	42	35	63	0	1	36	51	8	0	36	0	3	11	0	146	35	0	3	0	0	1257	9	0	3	0	824	3429	311	224	1937	13	0	253	4	874	937	541	0	0	1	4	3	1	0	38	1189	57	3	4	17	0	31	0	0	0	12	2	0	16	0	0	0	0	0	12	1	2	1	0	155
sim_meta-68	474	2	15003	106	35	14	0	0	0	0	0	35	0	0	31	41	1504	8	0	0	0	0	116	18	685	0	0	166	2571	2369	4	19	88	0	79	0	1	21	9	2	0	33	0	0	13	0	148	11	0	0	0	0	1365	5	0	0	0	1148	3826	286	230	2320	8	15	254	0	968	1201	725	0	0	0	1	5	0	4	32	1197	36	15	1	75	0	35	0	0	0	0	2	0	0	0	2	0	1	3	11	3	1	0	0	55
sim_meta-69	378	9	16105	173	35	7	0	0	0	0	0	15	0	0	43	78	1694	4	0	13	0	1	70	18	846	0	0	186	2316	2548	2	34	88	0	115	0	0	124	53	16	0	21	0	6	59	0	448	10	0	0	0	0	1321	9	0	0	0	1249	3914	325	610	2235	16	15	398	0	1557	2386	911	0	0	0	1	3	0	0	18	1404	17	20	10	64	0	189	0	0	0	0	0	0	0	0	0	0	6	4	31	1	0	0	23	73
sim_meta-7	345	2	13576	61	22	0	0	5	0	0	0	60	0	0	40	40	2031	0	0	0	0	0	113	11	727	1	0	215	2398	2531	0	50	92	8	87	0	0	54	27	11	0	32	0	1	31	0	204	17	0	0	0	0	1452	4	0	0	0	894	2986	300	286	1821	20	15	247	2	1129	1330	829	0	0	0	1	3	0	0	16	1327	28	3	3	66	0	55	0	0	0	0	0	0	0	0	0	0	16	1	15	0	1	0	0	118
sim_meta-70	330	2	10595	0	45	0	0	0	5	0	0	0	0	0	13	18	325	0	0	0	0	0	144	9	784	0	0	166	2069	2078	0	64	55	0	32	0	0	0	0	0	0	0	0	0	4	0	35	40	0	0	0	0	1387	0	0	0	0	565	3402	358	572	2113	0	0	88	0	528	120	371	0	0	0	0	2	0	0	0	1338	6	0	1	39	0	0	0	0	0	0	1	0	0	0	0	0	0	0	0	0	1	0	0	133
sim_meta-71	225	0	10617	21	41	0	0	5	0	4	0	0	0	12	31	33	750	0	0	0	0	0	62	15	738	0	0	183	2307	2384	0	0	10	28	82	0	0	82	4	0	0	19	1	0	64	0	106	17	0	0	0	0	1253	5	0	0	1	489	3636	305	470	2151	11	16	323	0	603	519	408	0	0	0	2	1	0	8	20	1325	19	2	0	34	0	0	0	0	0	0	0	0	0	0	0	0	3	1	8	0	1	0	0	65
sim_meta-72	283	0	11418	18	33	0	0	9	1	0	0	23	0	0	20	25	1181	32	0	0	0	1	101	7	621	5	0	208	2216	2371	0	13	34	36	108	0	2	48	37	9	0	10	2	1	35	0	186	27	0	0	0	0	1296	11	0	0	0	667	2982	278	809	1639	3	2	157	4	932	1132	593	0	0	0	2	0	0	0	16	1518	25	10	0	41	0	31	0	0	0	2	2	3	16	0	0	0	16	18	0	0	0	1	0	196
sim_meta-73	441	0	15272	0	26	0	0	1	0	0	0	9	0	0	47	28	1280	0	11	0	0	0	173	61	672	5	0	145	2159	2098	0	1	108	0	70	0	0	82	117	28	0	28	0	11	29	0	158	7	0	0	1	0	1350	14	0	0	0	1450	3858	355	241	2101	32	0	210	8	1069	1021	626	0	0	0	4	1	0	0	74	1358	85	0	2	35	0	100	0	0	0	0	4	0	0	0	0	0	1	1	0	3	1	1	4	214
sim_meta-74	438	5	15349	4	41	0	0	0	0	26	0	4	0	0	34	54	2486	5	6	0	3	0	100	12	662	0	0	207	1964	2079	0	18	42	31	51	0	0	51	32	10	0	55	0	0	11	0	222	36	6	4	0	0	1255	1	1	0	3	883	3921	288	299	2659	18	22	230	2	943	994	916	0	18	0	4	2	0	0	28	1209	48	0	0	43	0	21	0	0	0	0	2	0	0	0	1	0	0	1	7	1	2	0	0	103
sim_meta-75	136	3	9718	23	74	0	0	0	0	0	0	0	0	0	6	10	790	0	0	0	0	0	74	12	505	0	0	183	2451	2792	0	20	133	0	51	0	0	0	0	0	0	15	0	0	19	0	145	16	0	0	0	0	1331	3	0	0	0	536	2969	325	336	1807	0	12	225	0	680	1416	437	0	0	0	1	0	0	0	3	1124	4	10	2	35	0	23	0	0	0	0	2	0	0	0	0	0	0	0	0	0	1	0	0	44
sim_meta-76	333	2	11199	1	38	0	0	0	0	1	0	34	0	2	18	28	1031	0	0	0	0	0	127	17	640	0	0	220	2447	2385	0	23	27	87	85	0	1	1	1	1	0	12	0	0	33	0	165	20	0	1	0	0	1381	6	0	5	0	561	3121	387	531	2066	0	10	271	0	666	342	466	0	0	0	5	1	1	0	3	1266	15	1	0	14	0	24	0	0	0	0	3	0	0	0	0	0	3	2	2	0	0	0	0	164
sim_meta-77	405	0	13263	5	18	0	0	0	0	0	0	0	0	0	48	60	1770	54	0	0	0	0	230	38	632	4	0	181	1905	1913	0	31	112	47	41	0	0	60	72	18	0	9	0	0	4	0	172	38	0	0	4	0	1250	4	0	0	0	1674	3570	257	303	2155	34	4	276	0	1212	1243	668	0	0	13	4	0	0	0	1	1079	4	0	2	28	0	88	0	0	0	0	1	0	0	0	1	0	4	0	14	0	3	0	0	146
sim_meta-78	236	1	12755	23	33	0	0	0	0	0	0	10	0	0	22	23	1121	18	0	0	0	0	82	25	667	0	0	195	2081	2174	0	0	41	16	55	0	0	18	35	6	0	25	0	0	34	0	145	16	0	0	0	0	1329	5	0	0	0	640	3119	342	283	1756	4	0	226	0	720	753	541	0	0	1	3	1	0	0	34	1130	55	5	3	33	0	4	0	0	0	0	6	0	0	0	0	0	3	6	24	1	1	3	0	183
sim_meta-79	247	2	11794	229	44	5	0	0	0	0	0	31	0	0	22	33	1886	54	0	0	0	0	108	33	586	5	0	198	2447	2532	0	10	38	0	31	0	0	21	0	0	0	18	0	0	12	0	100	32	0	0	0	3	1340	0	0	0	0	543	3522	284	727	1985	23	26	160	0	904	1716	814	10	0	0	4	0	0	0	0	1463	1	30	3	49	0	0	0	0	0	0	1	0	0	0	0	5	4	8	25	0	3	0	0	111
sim_meta-8	331	0	10825	32	13	0	0	0	0	0	0	15	0	0	33	35	763	0	0	0	0	0	59	8	659	0	0	199	2460	2566	0	4	9	0	87	0	0	64	4	0	0	53	0	0	12	0	54	43	0	0	0	0	1447	3	0	0	0	402	3057	280	419	1876	2	41	193	1	510	326	427	14	0	0	5	3	3	0	26	1180	30	0	0	35	0	0	0	0	0	0	0	0	0	0	0	0	0	0	13	0	1	1	0	108
sim_meta-80	300	1	14215	30	29	0	0	13	1	0	0	0	0	0	38	33	976	0	0	0	0	0	129	17	654	0	0	175	2256	2338	0	0	25	23	79	0	0	43	31	3	0	40	0	1	57	0	96	21	0	0	0	0	1276	4	0	0	0	1076	3771	298	214	2300	0	26	297	1	715	651	514	0	0	2	2	2	0	3	29	1117	23	11	1	76	0	22	0	0	0	10	0	0	11	2	0	0	11	0	52	1	0	0	0	97
sim_meta-81	366	0	12581	276	35	0	0	0	0	4	0	0	0	10	41	90	1480	3	0	0	0	0	93	21	666	0	0	183	2304	2276	0	0	0	0	120	0	2	0	3	0	0	31	1	0	8	0	144	29	0	0	0	0	1312	6	0	0	0	517	3640	286	501	2119	0	0	114	0	747	1384	693	34	0	0	11	5	3	0	9	1441	21	24	3	19	0	0	2	0	0	12	4	0	31	0	0	0	0	0	0	0	3	0	0	134
sim_meta-82	218	0	11496	76	79	0	0	0	0	0	0	130	0	0	17	10	983	0	0	0	0	0	115	17	605	4	0	217	1883	2174	0	0	10	0	95	0	0	12	0	0	31	48	0	0	48	0	175	7	0	0	0	0	1303	2	0	0	0	401	2624	262	375	1726	28	26	160	0	723	920	612	9	0	0	0	1	0	0	15	1076	33	19	0	28	0	23	0	0	0	0	7	0	0	0	0	13	23	4	0	0	0	1	0	125
sim_meta-83	388	0	13319	0	29	0	0	0	0	0	0	0	0	0	39	50	843	0	0	0	0	0	139	0	933	14	0	190	2227	2177	0	0	30	0	40	0	0	106	86	24	0	11	0	0	25	0	181	120	0	0	0	0	1078	4	0	0	0	1062	3922	304	269	2679	22	1	366	4	842	717	456	0	0	0	6	4	0	0	91	1148	134	0	11	68	0	0	0	0	0	12	0	0	11	4	0	0	4	0	50	0	0	0	0	164
sim_meta-84	219	0	8970	0	28	0	0	9	0	0	0	16	0	0	22	25	613	22	0	0	0	0	144	14	721	5	0	212	2323	2637	0	16	57	17	43	0	0	16	31	3	0	29	0	0	18	0	94	31	0	0	0	0	1470	2	0	0	0	347	2737	373	403	1715	0	0	204	13	661	304	418	0	0	0	2	1	0	0	9	1315	25	0	1	13	0	1	0	0	0	0	4	0	0	0	0	0	3	8	0	0	0	2	0	181
sim_meta-85	245	0	10666	449	29	56	0	0	4	0	0	0	0	0	48	46	2158	0	0	0	0	0	102	4	894	0	0	198	2184	2295	0	0	0	17	35	0	0	0	0	0	0	28	0	0	72	0	183	44	0	0	0	0	1321	3	0	0	0	747	3658	352	490	2203	0	23	178	0	777	1820	895	0	0	0	2	3	0	4	0	1359	2	38	2	30	0	0	2	0	0	11	1	0	22	0	0	0	1	0	10	0	4	0	0	78
sim_meta-86	317	0	12476	6	20	0	0	2	0	0	0	25	0	0	45	53	1127	21	1	0	0	0	68	23	676	0	0	217	2330	2271	0	10	29	0	98	0	0	52	47	15	0	28	0	2	23	0	65	26	0	0	0	0	1330	5	0	0	0	704	3147	286	342	1722	29	4	257	2	712	607	491	0	0	0	1	3	2	0	10	1248	10	1	1	33	0	34	0	0	0	0	2	0	0	2	0	0	2	0	15	2	0	0	1	100
sim_meta-87	81	6	7662	2	14	0	4	1	0	0	0	0	0	0	15	7	241	3	0	0	0	0	261	6	918	0	0	233	2837	3431	0	0	0	0	0	0	0	127	2	0	0	42	0	0	6	0	47	5	0	0	0	0	1560	0	0	0	0	293	2367	288	266	1696	58	0	180	0	573	224	356	0	0	1	2	0	0	0	0	1399	4	0	0	44	0	0	0	0	0	0	0	0	0	0	0	0	1	0	6	0	3	1	0	30
sim_meta-88	308	0	10676	7	38	0	0	2	0	0	0	60	0	0	27	43	557	0	0	0	0	0	65	7	726	0	0	233	2042	2305	0	0	0	15	0	0	0	4	14	2	0	17	0	0	22	0	14	54	0	0	0	0	1161	5	0	0	0	460	2955	289	581	1988	1	5	237	13	586	222	382	0	0	0	1	2	0	0	0	1264	9	0	1	28	0	0	0	0	0	0	0	0	0	2	0	0	4	0	0	0	0	0	0	52
sim_meta-89	382	0	20892	189	6	0	0	0	0	0	0	40	0	0	86	124	3155	0	0	0	0	0	183	11	660	0	0	128	2592	2700	0	0	53	69	85	0	0	8	140	61	0	13	0	0	14	0	250	4	0	0	0	0	1331	15	0	0	0	1032	3901	315	675	1941	14	0	307	4	1586	3814	1253	32	0	0	6	7	0	0	161	1135	260	2	10	91	0	0	0	0	0	0	0	0	0	0	0	0	0	7	140	0	0	1	0	238
sim_meta-9	119	0	7912	2	27	0	0	0	0	0	0	16	0	0	22	18	862	57	0	0	0	2	32	24	700	0	0	230	3148	2815	1	31	29	0	78	0	0	5	0	0	0	41	0	0	33	0	42	10	0	0	0	1	1590	5	0	0	0	684	2635	383	234	1662	3	10	221	0	920	434	470	0	0	0	2	0	0	28	1	1310	12	0	0	52	0	10	0	0	0	0	1	1	0	0	0	0	12	29	70	0	0	1	0	228
sim_meta-90	296	4	10882	9	18	0	0	0	0	0	0	9	0	0	34	38	670	0	0	0	0	0	62	14	737	0	0	212	2893	2735	0	24	92	0	86	0	0	9	73	13	0	85	0	0	27	0	192	28	0	0	0	0	1243	13	0	0	0	664	2993	337	177	2013	8	14	219	0	728	584	456	0	0	0	2	8	0	0	3	1213	11	0	2	33	0	29	1	0	0	15	0	0	21	0	0	0	20	1	8	0	0	0	8	115
sim_meta-91	212	0	10635	0	28	0	0	0	0	0	0	23	0	0	18	22	548	0	0	0	0	0	57	31	622	10	0	195	2260	2432	31	9	18	0	56	0	4	15	9	1	0	30	1	0	4	0	102	28	0	0	0	0	1400	2	0	0	0	527	2405	281	201	1454	0	18	148	0	554	122	394	0	0	0	2	1	1	0	0	1361	6	2	0	51	0	0	1	0	0	6	1	0	11	0	5	0	1	11	23	0	0	0	0	141
sim_meta-92	511	0	15323	2	24	0	0	0	0	0	0	0	0	0	49	49	2491	0	0	0	0	0	178	5	605	0	0	177	2722	2516	0	0	12	0	128	0	0	39	23	4	0	55	0	6	1	0	142	19	0	0	1	0	1218	4	0	0	0	1759	2715	295	153	1636	15	13	191	16	715	574	763	0	0	0	5	0	0	21	20	1073	33	0	0	139	0	63	0	0	0	0	0	0	0	0	0	0	8	6	29	0	0	0	0	82
sim_meta-93	180	0	8342	0	0	0	0	0	3	0	0	84	0	0	61	69	468	19	0	0	0	0	65	30	810	0	0	186	2283	2424	14	6	13	0	70	0	1	35	0	1	0	29	0	0	43	0	59	39	0	0	0	0	1322	4	0	0	0	329	2218	255	163	1542	0	0	167	0	548	184	294	0	0	0	1	1	0	0	0	991	13	0	1	18	0	0	0	0	0	0	1	0	0	0	4	0	0	7	2	0	0	0	0	135
sim_meta-94	381	3	11903	29	36	0	0	3	0	0	0	4	0	0	25	40	717	0	0	0	0	0	103	21	669	0	0	202	2355	2526	0	1	17	11	82	0	1	55	21	4	13	43	0	0	11	0	117	16	0	0	0	0	1340	5	0	0	0	373	3186	303	393	1945	38	22	311	0	581	479	431	9	0	0	4	3	0	0	8	1229	17	11	3	44	0	7	0	0	0	0	3	0	0	0	0	7	1	5	23	0	1	1	0	106
sim_meta-95	158	0	13268	122	22	0	0	0	0	0	0	36	0	0	23	26	1770	0	0	0	0	0	140	13	655	0	0	195	1902	1956	0	3	9	166	107	0	0	25	9	2	0	38	0	0	3	0	36	33	0	0	0	0	1204	3	0	0	0	501	3039	293	225	1480	8	1	259	0	910	2578	720	0	0	0	8	8	1	0	0	1228	6	22	0	8	0	0	4	0	0	27	5	0	36	2	0	0	2	0	1	0	0	1	0	166
sim_meta-96	385	5	14931	15	32	0	0	0	0	0	0	12	0	0	60	69	2650	0	0	5	0	1	80	37	552	3	0	178	2386	2261	0	5	85	0	134	0	0	118	86	14	0	31	0	7	6	0	219	47	0	0	0	0	1234	2	0	0	0	745	3489	331	632	2321	5	17	185	0	1090	1295	871	0	0	0	2	2	1	0	77	1299	57	1	6	38	0	75	0	0	0	0	2	0	0	0	0	0	0	0	21	5	3	1	0	127
sim_meta-97	201	0	9123	3	34	0	0	13	0	0	0	177	0	0	32	29	307	0	0	0	0	0	111	5	691	0	0	185	2934	2992	0	83	78	0	69	2	0	19	35	12	0	0	0	0	13	0	81	7	0	0	0	0	1162	4	0	0	0	457	2417	261	544	1397	7	0	146	0	727	599	385	0	0	0	3	3	0	0	0	1156	0	4	0	16	0	15	0	0	15	0	0	0	0	2	0	0	2	0	0	0	0	0	0	133
sim_meta-98	379	0	15068	42	36	0	0	0	1	0	1	22	0	0	39	50	1570	0	0	0	0	0	88	17	793	5	0	219	2493	2632	0	0	3	51	57	0	4	9	10	3	0	50	0	0	55	0	46	18	0	0	0	0	1238	20	0	0	0	518	3689	312	494	2241	1	9	284	37	573	523	623	0	0	7	1	2	0	4	37	1302	56	15	4	33	0	0	0	0	0	0	2	0	0	0	2	0	0	0	0	0	0	1	0	82
sim_meta-99	198	0	10003	70	32	0	0	0	0	0	0	5	0	0	37	38	628	0	0	0	0	0	36	13	783	0	0	207	2472	2641	0	19	38	23	64	0	2	49	18	2	0	24	0	0	31	0	38	16	0	0	0	0	1321	6	0	0	0	410	2802	293	365	1864	24	10	189	0	580	517	404	0	0	0	1	2	0	0	9	1273	23	1	2	17	0	8	0	0	0	0	2	0	0	0	0	0	0	0	21	2	1	0	0	129
