sample	A.OX	AfsA	AMP.binding	ATd	Autoind_synth	Bacteriocin_IIc	Bacteriocin_IId	bt1fas	CaiA	Chal_sti_synt_C	Chal_sti_synt_N	Condensation	cyanobactin_synth	cycdipepsynth	DUF1205	DUF692	ectoine_synt	fabH	fom1	Glyco_transf_28	Glycos_transf_1	Glycos_transf_2	goadsporin_like	hglD	hglE	indsynth	IucA_IucC	Lactococcin_972	LANC_like	Lant_dehyd_C	Lant_dehyd_N	Linocin_M18	LipM	LipV	LmbU	Lycopene_cycl	MGT	micJ25	mmyO	mvd_mst	NAD_binding_4	NapT7	novH	PF00067	PF00106	PF02441	PF04820	PF13561	PF13575	phosphonates	phytoene_synt	phzB	PKS_AT	PKS_KS	PP.binding	salQ	spcDK_like_cou	spcDK_like_glyc	strK_like1	strK_like2	subtilosin	t2clf	t2fas	t2ks	t2ks2	tabtoxin	terpene_cyclase	Terpene_synth	Terpene_synth_C	TIGR03603	TIGR03605	TIGR03651	TIGR03678	TIGR03693	TIGR03731	TIGR03793	TIGR03798	TIGR03882	TIGR03975	TIGR04363	ToyB	TunD	vlmB	YcaO
sim_meta-1	409	4	11762	3	30	0	0	5	0	32	38	2076	150	7	0	121	60	642	2	197	3250	3252	0	64	123	0	130	0	9	8	3	4	0	0	0	38	16	9	0	0	1569	1	0	676	3124	346	880	1911	0	0	148	0	1067	933	715	0	0	2	0	0	0	0	1523	3	0	8	28	0	2	0	0	0	0	0	4	0	20	0	0	0	1	0	0	80
sim_meta-10	330	9	15682	95	38	0	0	20	0	55	63	2174	0	0	0	173	24	791	0	215	2755	2633	0	74	90	92	58	0	97	339	59	30	0	0	0	148	191	21	0	0	1432	10	0	1043	3662	328	334	1986	26	0	189	0	1165	1788	1020	43	1	4	0	0	0	64	1390	85	20	0	24	0	7	0	0	0	0	0	4	0	3	1	61	5	2	1	0	230
sim_meta-100	147	9	11776	24	24	0	0	0	0	43	63	499	0	0	0	158	28	698	4	212	2808	2260	0	28	69	28	26	0	29	117	15	0	0	0	0	156	102	6	0	0	1576	0	0	1159	3298	359	969	1907	8	0	308	0	889	1355	584	14	0	1	0	0	0	30	1914	31	0	0	35	0	0	0	0	0	0	0	0	0	34	0	34	0	0	1	0	170
sim_meta-101	89	0	11449	0	29	0	0	0	0	18	14	1101	0	0	0	127	40	937	0	222	2655	2305	0	12	28	0	23	0	35	57	11	52	0	0	0	149	80	7	0	0	1448	0	0	895	2735	359	492	1610	0	31	188	12	1388	1306	667	0	1	0	0	0	0	0	1548	2	0	5	31	0	46	0	0	0	0	0	0	0	34	0	18	0	1	1	0	70
sim_meta-102	219	8	9951	0	26	0	0	0	0	38	50	995	0	9	0	238	40	961	0	183	2579	2414	0	119	126	0	51	0	24	0	0	8	0	0	0	95	32	5	0	0	1675	0	0	438	2667	312	610	1402	19	39	205	0	809	341	538	0	0	0	0	0	0	0	1490	3	0	5	69	0	0	0	0	0	0	0	0	0	92	0	2	0	5	2	0	97
sim_meta-103	447	55	17551	6	20	0	0	0	0	43	86	2908	52	0	1	216	11	812	4	218	2677	2241	0	76	120	360	165	0	185	1205	233	0	0	0	0	222	853	17	0	0	1457	17	0	1610	3674	371	840	1585	136	5	184	0	2365	3487	1514	139	0	0	0	0	0	241	1443	258	0	0	25	0	14	0	0	0	0	0	0	0	1	7	181	14	0	2	0	404
sim_meta-104	231	6	10428	11	13	0	0	3	0	49	68	851	1	0	0	90	3	873	0	244	3183	2891	0	4	8	20	133	0	20	195	33	31	0	0	0	192	116	11	0	0	1596	3	0	602	3217	385	953	2062	4	18	205	0	959	661	499	33	3	1	0	0	0	78	1517	59	0	5	38	0	0	0	0	2	0	0	0	0	29	1	47	1	0	3	0	96
sim_meta-105	348	0	8066	1	105	0	0	0	0	62	91	272	0	0	0	121	12	979	0	190	3034	3805	0	3	4	0	78	0	49	2	0	0	0	0	0	247	15	22	0	0	1508	0	0	760	2670	315	449	1898	45	0	253	0	642	226	336	0	1	0	0	0	0	1	1446	3	0	5	13	0	0	0	0	0	0	0	0	0	251	2	0	0	6	2	0	9
sim_meta-106	229	5	11922	0	48	0	0	12	0	19	31	1295	0	0	0	224	18	883	0	186	2223	1869	0	157	178	0	56	0	24	0	0	9	0	0	0	86	52	18	0	0	1383	3	0	710	2877	323	798	1713	33	0	122	0	791	159	641	18	0	0	0	0	0	0	1736	2	0	4	34	0	0	0	0	0	0	0	0	0	122	0	0	0	2	0	0	174
sim_meta-107	335	30	13370	0	20	0	0	5	0	27	33	1812	0	0	0	173	37	892	0	237	2991	2333	0	39	97	188	160	0	118	555	99	11	0	0	3	267	466	8	0	0	1463	11	0	1168	3166	359	777	1948	106	0	194	0	1667	1989	957	68	2	2	0	0	0	111	1465	142	0	2	3	0	23	0	0	0	0	0	0	0	19	1	37	7	1	0	14	345
sim_meta-108	146	5	9990	0	37	0	2	0	7	33	39	484	0	0	0	135	40	854	0	231	2896	2717	0	7	17	0	58	0	51	100	12	21	0	0	0	235	47	15	1	0	1635	1	0	703	2953	377	437	1976	34	12	209	0	739	253	378	14	2	5	0	0	0	18	1599	26	0	8	69	0	0	0	0	3	0	0	6	2	146	1	15	0	0	0	11	38
sim_meta-109	139	1	8019	0	14	0	0	0	0	21	21	182	0	0	0	197	16	680	3	216	2452	2379	0	2	6	0	92	0	9	0	0	0	0	0	0	14	30	22	0	0	1075	0	0	379	2588	433	1159	1396	5	14	91	0	527	52	250	0	0	0	0	0	0	0	1511	7	0	17	9	0	0	0	0	0	0	0	0	0	3	0	0	0	0	0	0	7
sim_meta-11	133	1	9755	169	12	0	0	3	0	0	5	1356	111	0	3	188	18	990	0	164	2444	2954	0	80	134	0	50	0	60	22	8	3	0	0	0	71	84	23	0	0	1283	0	0	923	2620	229	966	1289	0	6	191	0	743	1020	654	2	0	0	0	0	0	0	1210	4	40	2	36	0	0	0	0	0	0	0	0	0	0	23	0	0	1	1	0	168
sim_meta-110	276	0	10749	0	27	0	0	0	0	4	11	957	0	5	0	236	32	822	0	181	3051	2774	0	49	112	0	89	0	37	45	4	11	0	0	0	226	108	6	0	0	1351	1	0	582	2725	330	891	1529	8	25	214	0	670	205	499	0	0	1	0	0	0	0	1308	6	0	4	34	0	21	0	0	0	0	0	0	0	72	0	15	3	1	0	0	60
sim_meta-111	139	2	9606	18	23	0	0	0	0	56	98	616	0	0	0	59	20	838	0	209	3165	3215	1	31	44	0	13	0	36	6	4	0	0	0	0	250	50	5	0	0	1541	1	0	716	2973	357	460	1759	20	0	273	0	610	303	393	0	6	2	0	0	0	11	1341	27	2	0	5	0	11	16	2	0	0	0	0	0	203	1	2	0	1	4	0	130
sim_meta-112	57	0	10246	0	27	2	0	0	0	20	30	396	0	0	0	151	32	942	12	255	3037	2373	0	24	15	0	31	8	0	18	5	10	0	0	0	357	24	9	0	0	1541	1	0	602	2320	400	983	1446	0	0	293	0	624	68	310	0	2	0	0	0	7	0	1361	0	0	5	8	0	0	0	0	0	0	0	0	3	59	0	0	0	1	1	0	157
sim_meta-113	316	15	15437	80	33	0	0	0	0	50	56	2095	2	0	0	157	30	733	0	208	2824	2743	1	52	61	117	99	0	114	652	122	0	0	0	0	362	402	0	0	0	1466	6	0	1240	3748	396	545	1840	58	1	239	0	1776	2433	1210	82	3	2	0	0	0	186	1572	183	20	4	60	0	18	0	0	0	0	2	0	0	55	1	166	10	0	0	0	276
sim_meta-114	126	4	9457	2	29	0	0	0	0	38	64	383	0	5	0	209	22	927	0	198	2440	2292	0	85	104	0	7	0	7	0	0	20	0	0	0	72	62	2	0	0	1532	0	0	511	2528	336	441	1362	4	0	204	0	711	355	402	0	1	0	0	0	0	0	1449	4	0	0	48	0	0	0	0	0	0	0	0	0	28	0	4	0	0	0	0	140
sim_meta-115	315	2	9864	1	56	0	0	0	6	15	37	1320	47	3	0	184	14	1036	0	223	2729	2684	0	137	155	0	122	0	1	27	7	11	0	0	0	165	71	18	1	0	1587	1	1	513	3007	300	762	1745	1	8	164	0	948	469	619	3	3	0	0	0	2	7	1596	8	0	1	6	0	0	0	0	4	0	0	0	0	11	0	17	0	0	0	2	138
sim_meta-116	203	4	10216	42	5	0	0	3	0	23	15	931	13	0	0	188	25	986	0	197	2665	2557	0	97	114	49	35	0	65	124	25	23	0	0	0	202	184	10	0	2	1582	5	0	937	2676	325	779	1511	18	5	217	9	1260	1279	693	9	0	2	0	0	0	17	1285	24	8	0	26	0	34	0	0	0	2	0	0	0	28	3	29	0	0	0	0	153
sim_meta-117	182	0	12646	0	39	0	1	0	0	14	13	1053	48	0	0	213	29	778	0	182	2924	2549	0	66	114	21	65	0	42	83	17	10	0	0	0	117	126	10	0	0	1368	6	0	640	3168	370	959	1687	22	8	157	0	914	661	551	10	2	1	0	0	0	9	1256	18	0	5	31	0	4	0	0	0	0	3	2	0	6	0	0	2	4	1	0	186
sim_meta-118	144	0	10894	2	12	0	0	1	0	0	0	84	0	0	0	209	13	954	0	192	2080	1764	0	130	174	0	112	0	0	0	0	23	0	0	0	172	9	14	0	0	1282	0	0	283	2811	323	895	1624	0	25	205	0	682	121	379	0	2	2	0	0	0	0	1471	0	0	0	56	0	1	0	0	0	0	0	0	0	18	0	0	0	1	0	0	170
sim_meta-119	239	3	10203	0	7	0	0	0	0	8	6	914	0	23	0	371	73	908	0	194	1987	1849	1	115	212	0	135	0	0	0	0	16	0	0	0	142	128	21	0	0	1194	1	0	352	2907	313	1273	1707	0	0	134	0	757	172	527	0	0	0	0	0	0	0	1534	6	0	1	0	0	0	0	0	0	0	0	0	0	6	1	0	0	1	0	0	184
sim_meta-12	96	0	8143	0	60	0	0	0	0	36	47	65	0	0	0	326	18	939	1	239	4129	3247	0	150	244	0	70	0	3	1	0	31	0	0	0	390	1	8	0	0	1381	0	0	422	2216	380	866	1319	0	0	354	0	791	168	505	0	0	0	0	0	0	0	1984	18	0	0	0	0	37	0	0	0	0	0	0	0	77	0	4	0	1	1	0	126
sim_meta-120	157	0	10073	34	47	0	0	0	0	28	29	553	23	0	0	101	8	941	0	207	3064	2903	0	65	63	0	14	0	10	3	4	47	0	0	0	346	107	5	0	0	1422	0	0	547	2585	359	296	1724	0	7	305	0	605	179	442	0	1	1	0	0	7	0	1563	6	4	4	26	0	0	0	0	0	0	0	0	0	78	0	0	0	2	0	0	38
sim_meta-121	198	0	12065	2	17	1	0	0	0	19	19	699	76	0	0	126	19	725	0	176	2324	2429	0	1	1	0	44	0	18	18	5	11	0	0	0	88	91	5	0	0	1462	2	0	1024	3138	243	496	1664	0	0	266	5	985	822	474	0	0	2	0	0	0	0	1089	8	0	1	17	0	20	0	0	1	0	0	0	3	30	12	14	0	0	0	0	139
sim_meta-122	462	18	14624	11	10	0	0	2	0	38	68	2367	0	0	0	127	18	995	0	237	3283	2919	0	44	44	96	46	0	144	342	61	35	0	0	0	254	378	12	0	0	1671	9	0	943	3006	305	465	1502	142	2	233	0	1537	1773	986	32	1	5	0	0	0	24	1228	47	0	1	4	0	54	0	0	0	0	2	0	0	15	0	0	3	0	0	0	141
sim_meta-123	94	4	9520	0	44	0	0	0	0	19	28	513	0	0	0	92	18	771	0	210	2992	2756	0	35	60	27	39	0	14	13	5	17	0	0	2	120	37	5	0	0	1397	0	0	616	2255	357	628	1473	13	70	149	0	582	149	420	15	10	1	0	0	0	21	1680	72	0	0	142	0	0	0	0	0	0	0	0	0	22	0	0	4	1	1	14	43
sim_meta-124	197	0	13503	1	62	0	0	43	0	32	48	1174	22	0	0	173	25	990	0	236	2577	2234	0	73	89	36	121	0	39	0	0	0	0	0	0	151	132	9	0	5	1495	2	0	908	3186	394	728	1846	7	40	186	0	817	188	507	0	1	1	0	0	0	0	996	0	0	5	11	0	0	0	0	0	0	0	0	0	51	6	0	0	1	0	0	146
sim_meta-125	468	6	12854	4	26	0	0	4	0	64	50	2347	0	0	0	262	27	805	3	174	3050	2914	0	26	54	27	74	0	93	71	14	41	0	0	5	161	95	12	0	0	1540	2	0	594	2914	327	736	1840	127	0	268	0	958	725	758	16	0	0	0	0	0	23	1389	30	0	1	68	0	31	0	0	0	0	0	1	0	91	0	4	3	0	0	10	85
sim_meta-126	231	1	9126	16	41	0	0	0	0	45	81	310	0	0	0	92	11	897	0	204	3058	2474	0	80	147	7	90	1	16	72	14	24	0	0	1	84	37	20	0	0	1421	1	0	578	2347	310	560	1376	4	2	150	0	682	897	489	13	0	0	0	0	0	30	1438	21	0	3	4	0	0	0	0	0	0	0	0	0	34	0	26	0	2	0	0	219
sim_meta-127	309	0	12301	1	62	0	0	0	0	28	36	446	2	0	0	136	63	803	0	170	2816	2777	0	24	35	0	180	0	106	168	25	0	0	2	0	174	122	13	0	0	1312	4	0	1301	3505	270	586	2241	3	1	362	0	605	247	363	0	1	0	0	0	0	0	1410	11	0	2	87	0	0	0	0	0	0	0	0	0	7	0	53	2	1	0	0	48
sim_meta-128	238	0	12342	1	25	0	0	5	0	31	36	1013	21	0	2	180	19	972	0	205	3313	2988	2	59	92	23	88	0	29	10	4	14	0	0	0	208	93	16	0	1	1425	5	0	966	3013	357	634	1772	12	27	210	0	798	455	583	6	4	5	0	0	0	40	1392	31	0	6	30	0	33	0	0	1	0	0	0	3	57	6	0	0	0	0	0	162
sim_meta-129	439	0	14592	47	117	0	0	5	0	49	106	1796	17	0	0	184	42	714	2	216	2427	2163	0	120	124	10	100	0	36	55	3	8	0	1	0	316	159	5	0	2	1467	9	0	1352	3730	292	394	2247	3	21	375	0	786	1637	847	4	0	2	0	0	0	0	1339	0	0	2	103	0	0	0	0	0	0	0	0	0	28	2	28	2	0	0	0	19
sim_meta-13	226	8	12922	0	49	1	0	0	0	22	34	1488	2	10	0	277	44	657	3	215	2399	1913	1	77	94	65	192	0	49	217	44	0	0	0	0	353	311	5	0	0	1418	11	0	1179	3712	354	657	2066	38	0	290	0	1284	1023	746	22	5	5	0	0	0	47	1438	51	0	2	21	0	15	0	0	0	0	0	0	0	24	2	0	3	0	0	0	214
sim_meta-130	224	5	9367	35	22	0	0	0	0	95	116	890	1	0	0	146	13	852	7	215	3531	3465	0	45	65	0	32	0	54	110	18	16	0	0	0	227	67	4	0	0	1536	2	0	610	2755	291	435	1772	39	0	204	0	811	600	498	22	4	3	0	0	0	35	1213	40	6	0	8	0	17	0	0	0	0	0	0	0	166	0	26	0	0	5	0	88
sim_meta-131	225	4	11166	0	51	0	0	0	0	22	26	728	1	0	0	245	38	648	0	206	3456	3178	0	10	11	0	63	0	0	0	0	0	0	0	0	180	11	6	0	0	1506	0	0	785	2563	335	662	1548	0	5	213	0	767	394	422	0	0	5	0	0	0	0	1470	13	0	0	53	0	0	0	0	0	0	0	0	0	78	2	0	0	4	0	0	162
sim_meta-132	169	10	11598	10	44	0	0	0	0	15	31	1358	1	0	0	182	63	730	0	204	3093	2749	0	41	35	0	60	0	25	172	33	23	0	0	0	200	173	7	0	0	1520	2	1	689	2471	408	449	1330	62	47	232	0	995	771	616	27	2	0	0	0	4	55	1343	71	0	2	89	0	0	0	0	0	0	0	0	2	201	2	41	0	1	0	0	151
sim_meta-133	276	14	16638	2	16	0	0	15	0	22	29	1399	0	0	0	229	53	829	0	199	2603	2064	0	64	79	84	168	0	129	433	85	0	0	1	18	194	418	15	0	0	1304	15	0	1765	4040	337	1242	1986	60	0	218	0	1387	1485	701	40	0	0	0	0	0	44	1498	72	0	1	95	0	13	0	0	0	0	1	0	0	3	0	52	3	0	0	28	170
sim_meta-134	122	0	7206	0	9	0	0	0	0	3	2	872	0	0	0	119	18	841	0	217	3944	2826	0	20	51	0	55	0	5	1	0	110	0	0	0	241	9	11	0	0	1224	0	0	234	1900	319	458	1489	0	0	115	0	730	287	559	0	0	1	0	0	0	0	1218	4	0	0	12	0	0	0	0	3	0	0	0	0	15	0	0	0	0	0	0	115
sim_meta-135	132	6	9573	0	3	1	0	0	0	58	96	793	0	0	0	247	29	865	0	215	3177	2684	4	64	82	22	126	0	25	74	19	16	0	0	0	243	151	9	0	0	1543	7	0	606	2525	394	752	1526	14	1	299	0	974	744	567	9	3	2	0	0	2	54	1521	49	0	0	101	0	22	0	0	0	0	0	0	0	88	3	15	0	0	0	0	128
sim_meta-136	201	4	14256	0	29	0	0	0	0	16	28	1599	1	0	0	253	77	957	0	213	2373	1919	0	67	86	36	80	0	91	272	43	32	0	0	10	172	272	6	0	0	1580	1	0	1196	2828	388	1022	1775	18	16	147	10	1939	1809	886	26	0	0	0	0	5	49	1552	60	0	0	1	0	64	0	0	0	0	0	0	0	2	0	41	0	3	0	13	211
sim_meta-137	274	4	12099	0	42	0	0	8	0	56	84	963	0	0	0	130	39	884	0	209	3075	3355	1	26	99	42	97	0	63	98	21	6	0	0	2	232	153	9	0	0	1535	8	0	1051	3273	288	927	2239	39	8	263	0	975	674	580	36	4	4	0	0	0	102	1656	107	0	2	81	0	21	0	0	2	0	0	0	0	1	5	22	0	1	0	16	103
sim_meta-138	209	4	9532	0	15	0	0	0	5	69	83	644	10	5	0	150	36	798	0	218	2365	2456	1	78	78	0	25	0	10	88	10	0	0	0	0	203	68	7	1	0	1437	1	0	525	2547	335	510	1684	10	12	209	0	840	258	508	13	3	1	0	0	0	28	1616	27	0	4	0	0	2	0	0	0	0	0	0	0	30	0	24	0	0	0	4	139
sim_meta-139	206	0	8741	0	20	1	0	0	0	11	27	184	4	0	0	252	33	920	1	220	2815	2335	0	51	124	0	138	0	5	1	0	33	0	0	0	289	78	19	0	0	1431	0	0	522	2773	320	1440	1589	7	17	171	0	736	248	347	0	0	0	0	0	0	0	1375	2	0	0	18	0	0	0	0	0	0	0	0	1	64	0	0	0	0	0	0	79
sim_meta-14	1243	0	19659	9	33	0	0	0	0	54	56	5422	1	0	0	235	33	839	0	187	2662	2396	1	8	6	0	18	0	246	245	34	48	0	0	0	132	195	3	0	0	1711	1	0	610	3322	281	468	1750	320	0	153	0	1754	2058	1661	0	7	5	0	0	0	39	1425	53	0	5	2	0	111	0	0	0	0	0	0	0	7	2	0	0	4	1	0	152
sim_meta-140	234	1	11999	42	31	0	0	0	0	24	37	896	0	0	0	182	27	855	0	194	2795	2737	0	16	32	0	89	2	70	130	20	14	0	2	0	183	107	15	0	0	1401	3	0	703	3153	309	1098	1662	0	3	206	0	677	417	453	8	0	1	0	0	0	15	1463	25	15	1	25	0	0	0	0	0	0	0	0	0	15	0	22	1	0	0	0	90
sim_meta-141	445	1	10836	0	17	1	0	0	0	24	50	1530	0	10	0	194	38	837	0	179	2821	2766	0	31	53	0	155	0	50	35	5	24	1	0	0	158	33	4	0	0	1468	0	0	569	2841	303	528	1770	78	0	136	0	760	545	601	0	0	0	0	0	0	0	1666	5	0	8	6	0	16	0	0	4	0	0	0	0	103	0	0	0	0	1	0	128
sim_meta-142	175	6	11089	1	25	0	0	0	0	14	11	1103	21	0	0	198	10	1047	1	218	2828	2331	0	76	105	54	112	0	40	161	33	19	0	0	0	105	126	7	0	0	1443	4	0	760	2943	314	715	1733	13	89	141	0	984	770	676	18	0	0	0	0	0	50	1351	69	0	0	28	0	12	0	0	0	0	0	0	4	7	0	19	3	1	3	0	128
sim_meta-143	263	13	12702	10	24	0	0	0	2	41	72	1431	0	0	0	168	25	807	0	215	2629	2710	1	18	29	0	69	0	48	204	35	41	0	0	0	135	188	14	1	0	1482	9	0	1079	3146	335	672	1858	22	0	227	9	1575	1683	748	31	6	5	0	0	0	78	1260	104	0	0	24	0	51	0	0	0	0	0	0	3	68	1	57	0	2	1	3	169
sim_meta-144	179	8	9728	0	10	0	0	0	0	35	56	1017	0	15	0	158	39	943	6	239	2894	2837	0	0	8	61	82	0	27	176	25	0	0	0	12	266	166	3	0	0	1493	0	0	872	2601	342	562	1639	49	0	193	0	1094	812	593	18	0	0	0	0	0	23	1831	42	0	0	0	0	7	0	0	0	0	0	0	0	17	0	0	1	2	0	17	189
sim_meta-145	630	26	17505	13	31	0	0	0	0	32	58	3549	19	0	0	209	23	741	0	197	3465	2665	0	7	43	92	97	0	149	488	96	28	0	0	0	226	460	1	0	0	1682	5	0	1134	3685	293	399	1752	173	0	277	0	1761	2268	1251	58	1	0	0	0	6	87	1097	108	0	2	37	0	68	0	0	0	0	0	0	0	20	4	63	4	0	0	0	164
sim_meta-146	100	1	8426	2	60	3	0	0	0	9	14	837	0	0	0	257	10	874	0	210	2515	2771	0	99	116	0	46	0	0	0	0	23	0	0	0	324	91	24	0	0	1344	0	0	285	2180	380	674	1412	0	11	211	0	654	231	490	0	2	1	0	0	0	0	1386	1	0	3	29	0	0	0	0	0	0	0	0	0	33	0	0	0	0	1	0	171
sim_meta-147	411	23	14389	1	16	0	0	0	0	39	67	2512	9	0	0	217	13	777	0	193	3150	2561	0	35	44	125	54	0	184	501	108	37	0	0	0	144	509	18	0	0	1615	8	0	1078	3090	326	931	1642	208	10	192	0	1781	2055	1017	55	3	0	0	0	0	43	1097	67	0	1	10	0	45	0	0	0	0	0	0	0	162	0	1	5	0	0	0	194
sim_meta-148	379	0	14276	0	59	0	0	0	0	3	2	664	14	0	0	204	39	612	0	209	2415	2479	0	2	1	0	16	0	3	0	0	7	0	0	0	146	41	18	0	0	1175	0	0	809	3808	359	496	2096	0	0	133	0	708	255	390	0	1	0	0	0	0	0	1444	11	0	13	26	0	0	0	0	0	0	0	0	0	16	4	10	0	10	0	0	105
sim_meta-149	135	1	8699	3	35	0	0	0	0	24	50	456	71	0	2	190	31	751	0	217	2991	2964	0	25	33	0	119	0	18	72	18	24	0	0	0	194	98	6	0	0	1339	0	0	737	2534	298	1120	1398	19	7	241	0	646	254	356	14	0	0	0	0	0	21	1289	30	0	0	37	0	0	0	0	1	0	0	0	0	193	20	26	0	0	0	0	171
sim_meta-15	187	4	13012	0	14	0	0	0	0	23	41	1191	0	0	0	138	45	944	0	222	3214	2783	0	73	118	56	32	0	83	246	53	13	0	0	12	289	181	4	0	0	1610	6	0	1036	3042	338	429	1716	31	0	204	0	1035	919	657	24	2	1	0	0	1	28	1408	27	0	3	30	0	26	0	0	0	0	0	0	0	16	0	31	2	0	2	23	174
sim_meta-150	212	0	12030	0	29	0	0	0	0	43	57	201	0	0	0	235	62	1030	0	253	1815	1602	0	185	169	0	26	0	2	0	0	9	0	0	0	0	26	32	0	0	1642	0	0	724	3836	365	674	2471	0	66	219	0	815	99	403	0	0	0	0	0	0	0	1466	1	0	0	0	0	0	0	0	0	0	0	0	0	0	0	0	0	1	0	0	128
sim_meta-16	256	8	11719	1	22	0	0	0	0	42	39	746	0	0	0	152	37	833	0	177	2978	3056	0	57	46	35	111	0	74	188	40	22	0	1	0	175	150	2	0	0	1388	4	0	802	2817	349	749	1733	21	0	179	0	840	615	520	19	0	1	0	0	8	39	1357	43	0	2	57	0	0	0	0	1	0	0	0	2	0	0	52	5	0	0	0	252
sim_meta-17	134	0	9173	0	16	0	0	0	0	80	110	245	0	0	0	210	19	880	0	240	3264	2522	0	73	115	0	21	0	3	0	0	0	0	0	0	294	53	5	0	0	1518	0	0	458	2215	370	420	1200	0	25	276	0	767	144	340	0	0	1	0	0	0	0	1270	5	0	6	21	0	0	0	0	0	0	2	0	0	86	0	0	0	0	0	0	8
sim_meta-18	71	0	8016	0	19	0	0	2	0	40	54	803	40	0	2	157	20	871	0	209	2480	2512	0	97	105	0	58	1	17	31	9	2	0	0	0	146	107	16	0	0	1347	2	0	517	2296	349	644	1331	11	18	174	0	664	318	446	7	1	0	0	0	0	8	1265	15	0	0	37	0	0	17	4	0	0	0	0	3	69	11	9	0	0	0	0	238
sim_meta-19	146	15	11590	0	41	0	0	0	0	23	48	1383	0	0	0	185	47	921	0	192	2729	2573	0	27	44	82	107	0	74	289	44	0	0	0	24	107	339	7	0	0	1632	7	0	1103	3231	344	1079	1811	63	0	171	0	1300	1229	690	32	1	0	0	0	0	29	1787	41	0	2	70	0	13	0	0	0	0	0	0	0	18	0	3	0	1	1	26	137
sim_meta-2	333	1	13393	18	31	0	0	61	0	1	1	1084	0	14	0	406	41	1050	0	184	1852	1665	0	179	184	0	91	0	28	18	5	15	0	0	0	36	38	2	0	0	1264	4	0	1107	2904	289	1399	1462	33	29	70	5	1097	1199	763	0	0	1	0	0	0	0	1358	0	0	0	3	0	14	0	0	0	0	0	0	0	100	2	8	0	0	0	0	200
sim_meta-20	436	0	11130	11	31	0	0	0	0	42	34	1010	70	0	3	167	21	767	1	209	3063	2659	0	50	109	0	42	0	67	35	9	28	0	0	0	213	69	9	0	0	1427	4	0	775	2664	306	797	1508	80	6	261	0	930	935	575	0	0	1	0	0	0	0	1456	3	0	1	32	0	15	0	0	0	0	0	0	0	126	10	0	0	0	0	0	159
sim_meta-21	166	4	9788	2	12	0	0	4	5	35	54	1387	48	0	0	153	52	793	0	213	3413	2651	0	40	94	19	113	0	17	48	11	11	0	0	1	167	75	19	3	0	1522	1	0	579	2866	340	599	1631	18	2	201	0	884	816	616	7	1	2	0	0	0	27	1732	39	0	3	26	0	0	0	0	0	0	0	0	0	110	0	18	1	0	0	10	139
sim_meta-22	152	0	6460	0	15	1	0	6	0	9	29	270	0	0	0	80	46	753	2	172	2869	2869	0	11	25	0	63	0	18	0	0	0	0	0	0	190	16	8	0	0	1398	1	0	492	2931	290	606	2102	19	5	219	0	533	188	316	0	0	0	0	0	0	0	1575	3	0	0	68	0	0	0	0	0	0	2	0	0	29	0	0	0	0	1	0	94
sim_meta-23	105	0	8026	1	16	0	0	0	0	35	54	414	20	0	1	122	25	873	0	198	3273	3284	0	68	67	26	44	0	26	0	0	27	0	0	0	140	88	4	0	3	1510	0	0	566	2259	307	1105	1553	35	0	241	0	668	304	431	0	3	1	0	0	0	0	1492	1	0	3	13	0	0	0	0	0	1	0	0	0	132	1	0	0	3	0	0	102
sim_meta-24	130	15	10063	0	36	0	0	0	0	17	28	760	2	0	0	242	23	879	0	203	2574	2197	0	73	99	115	191	0	72	328	64	12	0	0	0	160	367	10	0	0	1473	5	0	943	2998	375	1363	1663	68	73	204	0	1305	1265	679	37	0	2	0	0	0	40	1408	51	0	0	103	0	14	0	0	0	0	0	0	0	5	0	0	3	0	0	0	177
sim_meta-25	127	1	10712	0	47	0	0	0	0	1	13	317	17	0	1	308	14	801	0	215	3111	2775	0	95	174	0	159	0	4	1	0	3	0	0	0	132	10	14	0	0	1579	0	0	502	1934	380	702	1119	0	1	214	0	621	364	370	0	1	2	0	0	0	0	1507	2	0	1	79	0	13	0	0	0	0	0	0	0	55	0	9	0	1	0	0	251
sim_meta-26	226	13	11972	327	18	0	0	0	0	34	47	1728	0	0	0	99	4	797	0	227	2803	3054	0	5	3	91	60	0	264	97	29	116	0	0	5	205	62	2	0	0	1388	1	0	679	2367	416	682	1439	16	0	196	0	843	1629	780	33	1	0	0	0	0	60	1458	63	83	0	0	0	0	0	0	0	0	0	0	0	0	0	0	10	1	0	37	11
sim_meta-27	224	11	13107	2	38	0	0	13	0	41	50	1197	34	0	0	198	17	957	0	217	3041	2832	0	53	73	117	70	0	61	226	38	14	0	0	4	263	262	6	0	8	1621	6	1	1478	3179	358	1021	1696	40	17	242	0	1118	957	662	18	1	4	0	0	0	31	1439	32	0	5	27	0	14	0	0	0	5	0	0	0	30	5	10	3	0	2	4	139
sim_meta-28	186	0	10082	3	22	1	0	0	0	84	122	2679	147	0	0	147	7	1203	10	198	3992	3740	0	241	320	0	10	0	18	3	0	0	0	0	0	440	24	9	0	0	2106	0	0	758	2048	282	329	1350	27	0	265	0	1397	1143	1012	0	6	7	0	0	0	0	1343	12	0	0	0	0	0	0	0	0	0	0	0	0	202	0	0	0	0	0	0	43
sim_meta-29	279	12	11718	229	59	0	0	0	0	28	38	1428	3	0	0	196	15	1078	0	248	2282	3061	0	121	145	68	57	0	155	257	44	0	0	0	0	551	177	31	0	0	1421	5	0	754	2926	309	1233	1818	13	0	302	0	1164	1618	913	27	1	3	0	0	0	46	1572	59	37	0	0	0	0	0	0	0	0	0	0	0	38	0	54	5	1	0	0	246
sim_meta-3	322	27	16942	6	29	4	0	3	0	36	60	2249	0	0	0	181	23	706	0	230	3564	2483	0	3	89	200	149	0	126	743	126	14	0	0	18	162	511	10	0	0	1609	12	0	1343	3816	345	977	1565	79	28	114	0	2032	2527	1138	94	0	0	0	0	0	181	1506	187	0	7	1	0	54	0	0	0	0	0	0	0	1	0	109	9	2	1	23	278
sim_meta-30	186	8	12618	4	12	0	0	0	0	7	14	752	66	0	1	89	12	649	0	193	2256	2290	0	36	55	51	50	0	26	170	41	0	0	0	0	108	175	10	0	0	1334	1	0	665	3092	356	365	1702	12	0	226	0	823	667	388	23	0	0	0	0	0	35	1091	48	0	7	10	0	0	0	0	0	0	0	0	0	5	13	38	4	0	0	0	156
sim_meta-31	288	0	11501	3	16	0	0	2	0	24	39	1665	55	0	1	232	29	840	0	162	3143	2612	0	133	169	0	33	0	77	50	10	46	0	0	0	94	44	5	0	0	1578	1	1	601	3158	331	680	1782	79	12	187	0	979	783	731	0	0	0	0	0	1	0	1435	3	0	0	3	0	23	0	0	0	0	0	3	5	110	0	0	0	0	0	0	205
sim_meta-32	169	15	11872	0	32	0	0	0	0	24	44	1086	0	0	0	205	60	746	0	191	2778	2636	0	22	28	131	109	0	87	463	78	0	0	0	9	202	458	7	0	0	1467	9	0	1247	3451	354	1268	1950	91	1	268	0	1520	1738	692	50	0	1	0	0	0	56	1540	49	0	3	80	0	25	0	0	0	0	0	0	0	5	0	8	1	0	0	16	162
sim_meta-33	348	1	12364	91	73	0	0	26	0	11	9	1942	84	0	0	201	10	871	0	188	2792	2688	0	69	99	0	140	0	66	19	5	5	0	0	0	107	49	4	0	0	1308	1	0	781	3220	280	898	1743	0	43	127	0	847	929	785	5	0	0	0	0	0	0	1318	6	29	0	18	0	0	0	0	1	0	0	0	0	10	0	0	0	1	0	0	121
sim_meta-34	301	8	11400	0	15	0	0	3	0	36	53	1033	0	0	0	230	35	772	0	217	2384	1994	0	77	95	75	55	0	46	266	43	21	0	0	0	149	140	5	0	0	1348	3	0	751	3010	337	508	1659	42	14	141	0	1044	837	666	33	0	3	0	0	0	45	1361	72	0	3	13	0	0	0	0	0	0	0	0	0	14	0	56	2	1	0	0	243
sim_meta-35	229	13	11865	0	46	0	0	1	1	32	39	1454	0	0	0	181	44	845	2	230	2821	2765	1	15	22	97	148	0	57	355	63	0	0	0	15	222	351	16	0	0	1519	2	0	987	2958	375	1370	1538	68	8	165	0	1336	1430	754	37	3	1	0	0	0	65	1444	96	0	3	44	1	17	0	0	0	0	0	0	4	44	1	22	1	0	0	27	168
sim_meta-36	215	6	11014	7	27	0	0	2	0	39	65	504	0	0	0	114	29	871	0	174	2992	2953	0	23	78	0	107	0	59	157	18	13	0	2	0	197	106	17	0	0	1426	6	0	1087	3231	314	486	1801	3	0	224	2	1005	789	464	10	0	0	0	0	0	32	1155	56	0	0	17	0	26	0	0	0	0	0	0	2	10	0	52	3	0	0	0	63
sim_meta-37	165	3	8767	1	17	0	0	1	6	29	60	257	0	0	0	194	51	883	0	229	3079	2653	0	90	66	0	130	0	4	27	5	18	0	0	0	226	31	7	4	0	1421	1	0	326	2811	375	790	1628	0	35	190	0	691	223	332	3	3	0	0	0	1	7	1646	11	0	1	55	0	1	0	0	0	0	0	0	0	58	0	8	0	0	1	3	86
sim_meta-38	172	5	9276	1	13	0	0	2	0	26	34	806	2	0	0	271	19	982	1	176	2576	2092	0	147	204	26	154	0	16	8	3	22	0	0	4	236	65	21	0	0	1434	2	0	431	2299	367	1264	1442	10	0	186	0	818	245	565	8	2	0	0	0	0	23	1461	31	0	1	12	0	0	0	0	0	0	0	0	0	54	0	0	0	1	0	15	218
sim_meta-39	185	6	12087	0	23	0	0	0	0	22	33	533	1	0	0	249	46	771	0	168	3419	3007	0	52	114	31	23	0	40	124	33	1	0	0	0	296	115	6	0	0	1482	2	0	919	3406	330	1529	1853	59	4	270	0	978	657	475	10	0	2	1	0	0	28	1539	40	0	7	93	0	13	0	0	0	0	0	0	5	129	0	26	4	2	1	0	45
sim_meta-4	228	28	13593	0	11	1	0	0	0	27	51	1751	24	0	1	307	32	834	0	172	2582	2451	0	81	88	169	156	0	134	559	108	11	0	0	32	161	559	4	0	4	1625	9	0	1287	3247	394	1194	1561	105	8	187	0	1752	1888	1012	41	0	2	0	0	0	79	1615	106	0	3	44	0	25	7	1	0	1	0	0	0	101	5	24	4	0	0	38	301
sim_meta-40	461	0	14630	2	11	0	0	1	0	42	43	1627	0	0	0	105	27	810	0	192	3298	2853	0	11	35	2	90	0	163	169	30	26	0	5	0	307	125	21	0	0	1468	6	1	1074	2865	372	737	1582	108	1	344	0	888	653	624	0	0	0	0	0	0	0	1177	1	0	4	46	0	35	0	0	0	0	0	0	0	232	0	43	2	0	0	0	108
sim_meta-41	231	16	12559	0	21	0	0	0	0	42	71	1098	0	0	0	181	29	846	0	223	2573	2387	0	138	228	118	83	0	72	491	97	0	0	0	0	420	319	7	0	0	1708	4	0	752	3134	320	403	1567	50	0	238	0	1356	1521	845	60	1	3	0	0	0	106	1573	117	1	7	9	0	15	0	0	0	0	0	0	0	27	0	109	6	0	0	0	322
sim_meta-42	407	6	15079	1	7	0	0	8	0	25	32	2377	0	0	0	225	30	885	0	178	2705	2428	0	41	47	32	71	0	120	214	52	36	0	0	0	164	229	15	0	0	1501	2	0	1024	3135	303	645	1684	103	2	253	8	1506	1650	1013	18	0	3	0	0	0	20	1249	22	0	0	20	0	71	35	8	0	0	0	0	0	51	0	9	2	0	0	0	226
sim_meta-43	103	3	9520	0	13	1	0	0	0	43	41	519	0	0	1	211	30	759	0	222	3521	2928	0	6	33	0	18	0	30	0	0	6	0	0	0	405	49	16	0	0	1709	0	0	510	2131	400	468	1496	46	0	281	0	705	150	325	0	0	0	0	0	0	0	1364	3	0	2	2	0	15	0	0	0	0	0	0	0	273	0	0	0	4	0	0	58
sim_meta-44	134	17	12890	4	25	0	0	0	0	24	36	1131	46	0	0	165	30	845	0	199	2485	2336	0	12	46	109	90	0	76	371	67	21	0	1	23	118	350	4	0	0	1601	3	0	1175	3191	315	736	1711	78	1	227	0	1515	1514	738	47	4	0	0	0	0	46	1463	56	0	0	15	0	17	0	0	0	0	0	0	0	39	11	8	2	0	2	34	270
sim_meta-45	305	0	13992	0	35	1	0	121	0	14	32	119	0	0	0	140	20	541	0	226	2829	2412	0	15	32	0	39	0	15	0	0	18	0	0	0	98	9	4	0	0	1595	12	0	1426	3915	348	582	1938	19	3	124	0	641	86	277	0	0	0	0	0	3	0	1145	0	0	5	12	0	2	0	0	0	0	0	0	0	4	2	0	0	1	1	0	116
sim_meta-46	201	0	8727	0	33	1	0	14	0	39	62	789	24	0	0	83	25	756	0	194	3277	3166	0	7	8	23	80	0	12	0	0	12	0	0	0	349	112	2	0	1	1656	2	0	641	2601	264	1096	1654	3	8	244	0	625	300	425	0	0	0	0	0	0	0	1380	17	0	2	42	0	0	0	0	0	1	0	0	0	49	6	0	0	1	2	0	81
sim_meta-47	137	0	11340	35	39	0	0	0	0	21	33	1459	3	0	0	220	19	1057	0	191	2782	2568	3	89	102	0	63	0	33	22	4	16	0	0	0	191	58	10	0	0	1370	2	0	791	2726	299	787	1611	4	13	208	2	1030	846	709	0	3	1	0	0	0	13	1356	33	10	0	8	0	26	0	0	0	0	0	0	0	15	1	4	0	1	1	0	118
sim_meta-48	310	0	11019	1	59	0	0	0	0	3	8	750	11	0	0	171	37	697	2	205	2730	2212	0	10	22	0	66	0	34	1	0	14	0	0	0	202	72	10	0	0	1305	0	0	650	3102	352	603	1727	53	10	271	0	631	158	383	0	4	1	0	0	0	1	1581	1	0	0	80	0	0	0	0	0	0	0	0	0	322	1	0	0	0	0	0	68
sim_meta-49	414	0	10581	0	29	0	0	0	0	41	39	99	2	0	0	255	25	1157	1	203	3222	2750	0	129	173	0	167	0	0	0	0	52	0	0	0	182	39	8	0	0	1497	5	0	418	2617	311	1130	1636	0	0	168	0	679	209	384	0	0	0	0	0	0	0	1520	5	0	0	0	0	17	0	0	1	0	0	0	0	32	0	0	0	1	1	0	157
sim_meta-5	301	16	16100	0	34	0	0	6	0	26	57	1380	0	0	0	130	53	962	0	189	3243	2555	0	54	99	110	158	0	154	544	88	2	0	0	0	199	458	3	0	0	1584	21	0	1703	4436	346	769	2226	67	11	240	0	1375	1427	852	36	0	1	0	0	0	40	1600	53	0	0	42	0	44	0	0	0	0	0	0	0	5	0	49	8	0	0	0	244
sim_meta-50	352	11	14153	56	10	0	0	0	0	39	58	2590	0	0	1	243	12	802	0	191	3167	2871	0	18	19	97	163	0	120	349	72	21	0	0	0	143	272	4	0	0	1464	7	1	796	2854	313	615	1436	72	19	222	4	1373	1729	991	38	0	1	0	0	0	62	1361	88	15	1	109	0	26	0	0	1	0	0	0	0	20	0	45	1	0	1	0	113
sim_meta-51	148	0	9593	6	15	0	0	0	0	32	34	391	0	0	0	167	21	825	0	244	2899	2268	0	40	51	0	136	0	4	0	0	32	0	0	0	215	26	7	0	0	1246	1	0	429	2715	335	744	1555	0	25	210	0	596	266	335	0	3	0	0	0	0	0	1449	0	0	0	37	0	1	0	0	0	0	0	0	1	35	1	0	0	2	0	0	88
sim_meta-52	128	0	12853	0	15	0	0	0	0	40	29	1484	0	0	0	248	15	935	0	200	3537	3028	0	3	5	3	69	0	0	0	0	14	0	0	0	197	31	6	0	0	1425	0	0	514	3099	363	669	1655	0	0	184	0	680	285	587	0	1	0	0	0	0	0	1247	3	0	0	0	0	0	0	0	0	0	0	0	0	56	0	0	0	0	0	0	35
sim_meta-53	273	0	11618	1	50	2	0	0	0	44	66	1263	33	0	0	209	19	931	0	196	2991	2914	0	75	97	0	28	0	42	30	13	7	0	0	0	384	86	4	0	0	1639	0	0	656	3073	332	926	1754	96	12	283	0	757	476	560	0	1	2	0	0	0	0	1563	1	0	0	18	0	23	0	0	0	0	0	0	0	170	6	0	0	3	0	0	95
sim_meta-54	170	7	10092	0	38	0	0	0	0	23	33	656	0	2	0	186	39	802	0	219	2892	2327	0	26	27	34	106	0	34	139	28	7	0	0	0	233	134	18	0	0	1430	5	0	598	2806	302	899	1620	16	6	188	0	761	456	442	5	1	2	0	0	0	19	1365	16	0	6	21	0	0	0	0	0	0	0	2	0	31	0	44	1	0	0	0	152
sim_meta-55	209	7	10729	1	45	0	0	1	0	44	47	1086	59	0	0	185	12	932	0	194	3402	2767	0	76	102	95	66	0	65	181	32	15	0	0	1	131	130	6	0	3	1566	1	0	978	2826	329	1120	1513	22	12	155	0	1005	871	616	28	4	2	0	0	0	41	1357	60	0	1	2	0	0	0	0	0	0	0	0	0	40	2	35	9	2	1	6	104
sim_meta-56	153	4	8150	0	11	0	0	0	0	17	25	1115	0	0	0	211	30	799	0	163	2609	2930	0	63	57	0	44	0	13	1	0	0	0	0	0	61	34	19	0	0	1417	0	0	328	2194	292	1195	1281	22	0	136	0	648	319	459	0	2	1	0	0	0	0	1303	3	0	6	72	0	0	12	2	0	0	0	0	0	24	0	0	0	1	0	0	108
sim_meta-57	151	0	14294	1	79	0	0	0	0	0	9	1312	0	0	0	174	29	959	0	190	2038	1900	0	30	39	0	44	0	13	21	2	9	0	0	0	197	175	5	0	0	1386	0	0	1298	3807	300	758	2128	0	0	247	7	878	523	582	0	1	2	0	0	0	0	1396	5	0	3	1	0	20	92	15	0	0	0	0	0	28	0	11	0	0	0	0	198
sim_meta-58	196	0	8421	0	41	0	0	0	0	32	44	189	0	0	0	175	10	1038	0	268	2281	2698	0	33	51	0	51	0	0	0	0	20	0	0	0	141	22	26	0	0	1603	0	0	272	2125	322	1042	1368	0	0	156	0	655	139	360	0	0	2	0	0	0	0	1379	3	0	11	0	0	0	0	0	0	0	0	0	0	37	0	0	0	3	2	0	113
sim_meta-59	150	2	12268	0	0	0	0	5	0	14	19	599	0	0	0	81	28	643	16	207	3198	2454	0	0	1	42	33	0	29	163	24	32	0	0	0	87	90	6	0	0	1614	0	0	433	2692	478	219	1449	16	0	141	0	767	425	437	12	0	0	0	0	0	28	1530	48	0	10	30	0	0	0	0	0	0	0	0	0	21	0	28	0	0	0	0	151
sim_meta-6	140	12	11265	7	34	1	0	0	0	46	62	1588	59	0	1	205	9	963	0	219	3306	2968	0	51	92	42	147	0	51	216	48	19	0	0	0	235	147	6	0	0	1715	0	1	769	2817	341	932	1504	13	36	205	0	1252	972	737	44	0	0	0	0	0	69	1257	84	0	0	18	1	13	0	0	0	0	0	0	0	13	4	61	1	2	2	0	201
sim_meta-60	175	4	10999	56	43	0	0	30	0	17	11	630	0	0	0	163	27	760	0	201	3031	3177	0	0	0	35	50	0	54	23	8	37	0	0	2	181	52	18	0	0	1461	8	0	726	2631	373	523	1605	14	6	188	0	570	371	361	15	1	0	0	0	0	32	1346	40	11	10	36	0	1	0	0	0	0	0	0	0	11	0	0	2	0	1	10	121
sim_meta-61	115	0	10158	18	62	0	0	0	0	17	20	508	0	0	0	126	16	975	0	251	2634	2652	0	21	23	0	61	6	25	18	7	25	0	0	0	278	44	1	0	0	1439	2	0	540	3247	314	841	2072	30	3	266	0	587	742	464	0	2	1	0	0	0	0	1528	0	0	0	7	0	0	0	0	0	0	0	0	0	111	0	22	0	0	0	0	72
sim_meta-62	229	5	11854	7	18	0	0	7	0	25	38	823	109	0	2	67	31	615	0	204	3323	3457	0	6	8	0	70	0	47	115	13	31	0	2	0	196	127	17	0	0	1380	3	0	1316	2826	304	366	1719	0	0	307	0	749	494	408	0	1	1	0	0	0	0	1039	4	0	0	82	0	0	7	1	0	0	0	0	0	36	27	34	2	5	0	0	91
sim_meta-63	149	8	10364	0	13	0	0	0	0	37	34	1043	0	0	0	180	6	899	1	186	2984	2475	0	88	112	46	88	0	49	175	25	0	0	0	0	197	138	17	0	0	1411	1	0	479	2253	360	881	1471	38	19	199	0	925	764	645	21	0	0	0	0	0	35	1394	49	0	3	43	0	0	0	0	1	0	0	0	0	147	0	32	5	0	1	0	141
sim_meta-64	207	0	9989	0	14	0	0	0	0	13	16	935	0	0	0	258	113	534	0	226	2540	2233	0	0	0	0	243	0	0	0	0	0	0	0	0	188	176	5	0	0	1493	0	0	363	2800	389	690	1669	0	27	229	0	564	63	510	0	2	3	0	0	0	0	1690	2	0	10	152	0	0	0	0	0	0	0	0	0	36	0	0	0	0	0	0	22
sim_meta-65	256	0	9542	0	24	0	0	0	0	70	73	307	0	0	0	158	60	1062	0	266	2664	2834	0	62	80	0	43	0	5	0	0	21	0	0	0	291	9	2	0	0	1353	3	0	484	3063	329	925	2377	0	11	310	0	679	69	398	0	0	0	0	0	0	0	1693	0	0	0	7	0	0	0	0	0	0	0	0	0	0	0	0	0	0	0	0	65
sim_meta-66	159	0	9082	0	37	0	0	0	0	16	35	364	1	0	0	190	37	924	0	183	2703	2497	0	67	111	0	130	0	9	0	0	0	0	0	0	168	41	5	0	0	1443	0	0	406	2776	327	1054	1747	0	32	196	0	750	233	425	0	0	0	0	0	0	0	1475	7	0	0	26	0	10	0	0	1	0	2	0	0	9	1	6	0	1	1	0	122
sim_meta-67	258	13	13167	40	19	0	0	15	0	33	64	1214	3	3	0	226	32	813	0	230	2667	2458	0	48	101	15	89	3	27	208	47	11	0	0	1	181	145	9	0	0	1416	1	0	990	3309	302	750	1922	2	11	186	0	1152	1069	688	46	2	0	0	0	0	103	1525	92	6	0	20	0	0	0	0	0	0	0	0	0	29	1	60	2	1	1	6	246
sim_meta-68	193	1	8805	30	10	0	0	0	0	28	53	760	11	0	0	156	29	848	0	246	2695	2668	0	19	24	19	84	0	24	3	0	24	0	0	0	167	71	9	0	2	1469	0	0	658	2644	332	924	1671	22	0	257	0	594	847	463	2	1	2	0	0	0	5	1254	3	0	1	29	0	0	35	9	3	3	0	1	0	54	3	0	0	0	0	2	130
sim_meta-69	219	0	9917	0	20	0	0	0	0	23	47	415	0	0	0	189	42	807	0	158	2742	2591	0	45	73	0	127	0	6	0	0	31	0	0	0	107	17	3	0	0	1520	1	0	521	3153	297	1170	1989	0	2	111	0	604	124	376	0	1	2	0	0	0	0	1479	2	0	0	16	0	0	0	0	5	0	2	0	0	0	1	7	0	0	0	0	186
sim_meta-7	136	0	10074	13	42	1	0	0	0	21	27	558	0	0	0	189	23	856	0	227	2433	2566	0	72	76	0	50	0	0	17	4	7	0	0	0	90	63	12	2	0	1392	1	0	453	2631	323	1123	1616	0	1	194	0	656	521	392	2	2	1	0	0	0	5	1486	5	0	5	2	0	1	11	2	0	0	0	0	0	7	0	4	0	0	0	3	56
sim_meta-70	112	0	9648	0	45	1	0	0	0	15	18	548	26	0	0	132	58	879	0	227	2819	2518	0	65	58	0	90	6	0	18	2	0	0	0	0	76	68	4	0	0	1467	1	0	348	2713	304	585	1664	0	55	314	0	573	132	420	0	4	1	0	0	0	0	1744	2	0	0	75	0	0	0	0	0	0	0	0	0	11	0	0	0	0	0	0	41
sim_meta-71	232	3	9313	0	29	0	0	0	0	36	38	705	15	0	0	273	40	925	0	221	2854	2823	1	97	149	0	87	0	7	11	1	0	0	0	0	279	67	9	0	0	1666	3	0	623	2982	328	868	1750	4	3	230	0	928	634	537	0	9	4	0	0	0	34	1310	41	0	0	41	0	15	0	0	0	0	0	0	0	61	2	0	0	0	0	0	183
sim_meta-72	145	3	10587	1	28	1	0	0	0	17	26	477	1	0	0	248	35	877	0	179	2653	2172	0	81	107	7	109	0	32	16	2	23	0	0	3	65	25	9	0	0	1328	1	0	407	2912	354	1745	1638	2	41	70	0	647	287	377	4	0	1	0	0	0	11	1495	16	0	0	8	0	0	0	0	0	0	0	4	2	17	0	0	2	1	0	3	135
sim_meta-73	225	6	11001	28	32	0	1	1	0	30	32	1229	40	0	0	106	29	794	0	200	3153	2820	0	28	56	0	68	0	8	164	33	16	0	0	0	138	135	19	0	0	1493	2	1	685	3183	305	511	1977	0	1	152	0	974	1239	669	28	0	1	0	0	5	56	1697	71	0	3	13	0	12	0	0	0	0	0	3	0	7	0	48	0	0	1	0	188
sim_meta-74	254	0	10810	38	16	0	0	0	0	45	64	975	0	0	0	173	40	929	0	183	2941	2639	0	76	133	0	87	0	86	68	18	46	0	0	0	104	70	31	0	0	1556	0	0	546	2521	328	749	1486	81	19	172	0	792	538	596	10	0	0	0	0	0	5	1500	17	4	2	33	0	10	0	0	0	0	0	0	1	126	0	9	0	2	0	0	201
sim_meta-75	115	0	8242	0	52	0	0	0	0	6	5	155	0	0	1	128	24	850	0	215	2941	2517	0	20	59	0	56	0	14	1	0	0	0	0	0	243	25	5	0	0	1387	0	0	400	2544	345	1598	1689	0	0	217	0	573	238	305	0	0	0	0	0	0	0	1418	1	0	0	23	0	0	0	0	0	0	0	0	0	12	1	16	0	0	0	0	68
sim_meta-76	288	15	12183	0	27	0	0	0	0	21	38	1815	52	0	0	153	39	733	4	246	2760	2572	0	62	56	106	152	4	57	416	82	0	0	0	0	205	234	23	0	0	1690	5	1	797	3434	361	534	1992	48	0	207	0	1359	1399	850	51	0	0	0	0	0	80	1459	106	0	8	17	0	0	0	0	2	0	0	0	0	38	0	67	7	0	0	0	183
sim_meta-77	121	0	9171	0	48	0	0	0	0	3	12	34	2	0	0	174	46	771	0	181	2824	2168	0	24	117	0	163	0	20	1	0	26	0	0	0	138	142	4	0	0	1402	0	0	432	2983	310	1511	1631	0	15	155	0	564	448	397	0	0	6	0	0	0	0	1882	0	0	6	12	0	0	0	0	0	0	0	0	0	26	0	0	0	1	0	0	235
sim_meta-78	206	0	8655	4	41	0	0	0	0	34	38	262	0	0	0	162	36	924	2	216	2324	2501	0	6	9	1	53	0	12	6	1	6	0	0	0	193	38	5	0	0	1249	3	0	589	2980	292	691	1756	0	29	189	3	720	499	332	0	0	1	0	0	0	0	1288	8	0	2	15	0	3	0	0	0	0	0	0	1	12	0	9	0	1	3	0	44
sim_meta-79	294	0	13115	2	31	0	0	11	0	14	19	1071	0	0	1	239	35	857	0	206	2474	2357	0	59	94	0	140	0	49	149	27	7	0	0	0	53	132	23	0	0	1406	2	0	925	3503	346	982	1853	0	11	190	0	750	260	523	23	1	2	0	0	0	25	1437	37	0	3	64	0	0	0	0	1	0	0	0	0	6	2	45	0	1	0	0	207
sim_meta-8	176	8	11620	0	27	0	0	0	0	66	96	382	0	0	0	239	26	982	1	239	3229	2496	0	48	41	33	29	0	15	119	28	0	0	0	0	265	181	8	0	0	1617	0	0	720	2697	422	1283	1625	10	10	272	0	904	543	445	10	2	1	0	0	0	15	1493	31	0	0	46	0	0	0	0	0	0	0	0	0	40	0	14	6	2	0	0	136
sim_meta-80	169	4	13544	0	24	0	0	0	0	19	56	1278	0	0	0	211	36	801	0	181	2820	2351	0	32	86	27	95	0	68	235	44	16	0	0	0	205	197	8	0	0	1470	4	0	1203	3401	331	1034	1566	23	0	186	7	1396	1344	686	22	0	0	0	0	0	40	1435	58	0	0	4	0	56	0	0	2	0	0	0	0	24	0	28	2	0	2	0	180
sim_meta-81	268	26	13881	33	11	0	0	0	0	59	73	1593	3	0	0	177	54	822	0	283	3291	2721	0	20	38	0	97	0	0	463	102	14	0	0	0	276	319	11	0	0	1793	11	0	1439	3635	485	323	1692	0	18	233	0	1762	1748	864	85	2	4	0	1	5	194	1635	196	0	0	44	0	0	0	0	0	0	0	0	0	53	0	155	0	0	0	0	290
sim_meta-82	244	0	11990	0	53	0	0	10	0	13	28	1616	0	0	0	300	5	1005	0	201	2239	2277	2	208	216	0	66	0	7	0	0	47	0	0	0	37	146	15	0	0	1261	2	0	668	3045	282	953	1940	0	14	154	0	742	245	659	9	1	3	0	0	0	0	1308	1	0	0	55	0	0	31	9	0	0	0	0	0	4	0	0	0	1	0	0	199
sim_meta-83	469	22	15632	0	38	0	0	0	0	13	38	2891	44	24	0	387	32	709	0	185	1907	1792	0	60	113	142	100	0	74	535	114	3	0	0	0	200	372	16	0	0	1163	2	0	1041	4215	309	922	2148	42	0	219	0	1403	1590	1162	49	0	0	0	0	0	129	2001	126	0	0	0	0	0	0	0	0	0	0	0	0	0	0	111	7	0	0	0	276
sim_meta-84	232	2	12651	118	32	0	0	0	0	61	54	1243	0	0	0	197	55	885	0	188	2358	2412	0	32	35	12	122	0	125	62	22	26	0	0	1	282	102	5	0	0	1431	3	0	931	3071	303	680	1723	33	4	231	7	1271	1430	682	2	2	3	0	0	0	12	1190	20	31	4	13	0	46	0	0	0	0	0	1	0	174	7	18	1	0	0	8	87
sim_meta-85	171	3	10468	0	23	0	0	0	0	34	40	691	0	7	0	397	26	1130	0	244	2190	2190	0	135	125	31	162	0	27	187	37	19	0	0	8	208	164	4	0	0	1250	2	0	604	2618	383	1719	1426	26	14	150	0	952	494	585	13	0	0	0	0	0	37	1692	43	0	0	8	0	5	0	0	0	0	0	0	0	15	0	23	0	1	1	11	212
sim_meta-86	195	3	10761	26	14	0	0	0	0	35	51	996	75	0	0	149	20	823	6	192	2859	2929	3	63	79	33	45	0	54	126	22	24	0	0	11	147	185	11	0	0	1428	6	0	1201	2576	345	510	1247	32	5	201	4	1324	1800	737	12	3	1	0	0	0	39	1269	38	0	1	36	0	33	0	0	0	0	0	0	0	71	18	2	0	0	0	9	152
sim_meta-87	452	0	9263	0	46	0	0	0	0	63	42	72	0	0	0	189	12	748	0	189	2696	2452	0	96	115	0	75	0	0	0	0	41	0	0	0	222	46	15	0	0	1309	4	0	417	2926	245	704	2126	0	12	246	0	737	126	303	0	1	5	0	0	0	0	1308	33	0	0	14	0	0	0	0	0	0	0	0	0	0	0	0	0	0	1	0	87
sim_meta-88	304	12	18309	0	1	0	0	35	0	16	23	1471	23	0	0	160	44	798	1	199	2527	2348	0	58	73	50	113	0	101	259	49	9	0	0	0	178	169	3	0	0	1473	8	0	1676	4495	372	1017	2263	18	0	225	1	1207	1158	747	24	1	0	0	0	0	27	1424	31	0	0	35	0	23	0	0	0	0	0	0	0	4	0	69	7	0	2	0	137
sim_meta-89	404	16	12505	24	11	0	0	0	0	51	63	1512	0	0	0	234	34	819	1	319	2592	2111	0	19	30	0	228	0	0	343	68	7	0	0	0	99	216	14	0	0	1525	5	0	1052	3672	399	628	1825	0	0	80	0	1412	1161	681	76	0	0	0	0	0	130	1514	154	0	0	0	0	0	0	0	6	0	0	0	0	0	0	107	0	0	1	0	270
sim_meta-9	268	23	15235	25	13	0	0	0	0	42	44	2776	0	0	0	195	10	921	0	264	3307	3007	0	23	42	46	77	0	48	470	94	8	0	0	0	126	367	13	0	0	1650	9	0	1130	3082	369	479	1505	46	8	224	0	1951	1980	1185	66	0	0	0	0	0	137	1160	176	0	0	7	0	11	0	0	0	0	0	0	0	7	0	100	4	0	0	0	164
sim_meta-90	175	0	11689	0	21	0	0	2	0	32	25	103	1	0	0	143	53	1037	0	222	2903	2196	0	44	48	0	85	0	3	2	0	36	0	0	0	69	30	1	0	0	1289	2	0	518	2753	335	692	1671	1	83	177	0	601	172	354	0	0	0	0	0	0	0	1534	4	0	0	22	0	1	0	0	0	0	0	0	0	2	0	1	0	0	0	0	50
sim_meta-91	144	1	10076	0	18	0	0	0	0	0	3	877	5	0	1	322	19	1187	1	188	2102	1936	0	159	153	0	163	0	70	0	0	0	0	0	0	148	40	10	0	1	1524	0	0	234	2267	298	931	1449	14	85	153	0	729	212	536	0	1	2	0	0	0	0	1345	1	0	1	10	0	0	0	0	0	1	0	0	0	33	0	0	0	0	2	0	186
sim_meta-92	185	0	7601	0	0	0	0	0	0	41	57	1722	0	0	0	85	47	929	0	221	2729	2117	0	96	129	0	19	0	0	0	0	25	0	0	0	236	46	19	0	0	1830	0	0	334	2034	263	486	1357	0	24	133	0	627	113	643	0	2	1	0	0	13	0	1858	1	0	3	14	0	0	0	0	0	0	0	0	0	3	0	0	0	0	2	0	179
sim_meta-93	233	10	13924	0	30	0	0	0	0	19	31	1546	13	0	0	261	22	1091	0	227	2184	2292	0	63	94	80	134	0	93	245	46	15	0	0	3	304	218	3	0	0	1440	5	0	1213	3276	351	853	1736	18	62	234	4	1605	1530	827	38	2	2	0	0	0	52	1519	92	0	4	56	0	26	0	0	0	0	0	0	0	21	0	46	3	3	0	10	101
sim_meta-94	435	13	13998	0	34	1	0	0	6	36	50	1875	1	0	0	242	18	811	0	217	3073	2429	0	70	129	83	117	0	115	407	70	31	0	1	0	300	224	11	1	0	1315	8	0	889	2873	376	530	1457	97	1	241	0	1254	1351	918	31	3	1	0	0	0	76	1508	96	0	1	13	0	33	0	0	0	0	0	0	0	130	1	69	6	0	0	3	174
sim_meta-95	275	0	10239	58	14	0	0	46	0	6	11	95	0	0	0	184	39	1052	0	232	3247	2414	0	88	90	0	19	0	7	0	0	27	0	0	0	65	0	8	0	0	1556	5	0	659	3099	331	642	1623	1	0	173	0	792	1683	572	0	1	1	0	0	3	0	1515	3	0	0	2	0	0	0	0	0	0	0	0	0	4	0	0	0	0	2	0	100
sim_meta-96	128	0	8778	0	29	0	0	0	0	36	52	248	0	0	0	336	6	857	0	194	2520	2033	0	136	174	0	81	0	0	0	0	39	0	0	0	222	16	14	0	0	1446	0	0	485	2622	327	1926	1423	0	6	146	0	761	149	377	0	2	2	0	0	0	0	1285	0	0	0	16	0	0	0	0	1	0	0	0	0	68	1	0	0	0	1	0	113
sim_meta-97	508	8	15471	0	86	0	0	0	0	77	75	1547	2	0	0	296	35	940	0	220	2548	2166	0	39	47	75	365	0	48	267	51	0	0	0	25	198	314	6	0	0	1361	11	0	1124	4589	287	1359	2485	51	0	254	0	1326	1094	846	34	2	0	0	0	0	28	1473	33	0	0	0	0	16	0	0	11	0	0	0	0	42	0	0	0	1	0	26	230
sim_meta-98	129	0	8469	0	49	0	0	0	0	34	71	653	0	0	0	81	31	895	1	216	3251	2819	0	13	48	0	10	0	39	1	0	8	0	0	0	247	6	15	0	1	1390	0	0	398	2341	315	382	1494	40	0	191	0	682	345	389	0	0	1	0	0	0	0	1264	3	0	3	13	0	1	0	0	0	0	0	0	0	225	2	0	0	1	1	0	112
sim_meta-99	147	4	9494	0	17	0	0	0	0	25	38	191	20	0	1	208	24	853	0	215	2913	2300	0	45	73	27	94	0	17	8	0	3	0	0	4	132	61	14	0	0	1368	0	0	423	2802	357	946	1419	7	36	182	0	660	328	383	9	2	0	0	0	0	14	1689	26	0	2	20	0	0	0	0	0	0	0	0	1	12	0	0	1	0	0	9	151
