sample	A.OX	AfsA	AMP.binding	ATd	Autoind_synth	Bacteriocin_IId	BLS	bt1fas	CAS	Chal_sti_synt_C	Chal_sti_synt_N	Condensation	cyanobactin_synth	cycdipepsynth	DUF1205	DUF692	ectoine_synt	fabH	fom1	Glyco_transf_28	Glycos_transf_1	Glycos_transf_2	goadsporin_like	hglD	hglE	indsynth	IucA_IucC	Lactococcin_972	LANC_like	Lant_dehyd_C	Lant_dehyd_N	Linocin_M18	LipV	Lycopene_cycl	MGT	micJ25	mvd_mst	NAD_binding_4	NapT7	novH	PF00067	PF00106	PF02441	PF04820	PF13561	PF13575	phosphonates	phytoene_synt	phzB	PKS_AT	PKS_KS	PP.binding	salQ	spcDK_like_cou	spcDK_like_glyc	strK_like1	subtilosin	t2clf	t2fas	t2ks	t2ks2	tabtoxin	terpene_cyclase	Terpene_synth_C	TIGR03603	TIGR03605	TIGR03651	TIGR03678	TIGR03731	TIGR03793	TIGR03798	TIGR03882	TIGR03975	TIGR04363	ToyB	TunD	YcaO
sim_meta-1	253	13	12330	13	34	0	0	0	0	32	50	1502	77	0	0	182	41	752	0	217	3261	2630	0	65	108	0	85	0	17	240	37	13	0	222	155	10	0	1643	4	0	1296	3442	379	711	1855	44	0	211	0	1396	1100	758	37	0	2	0	0	98	1468	91	0	0	0	0	0	0	4	0	0	0	227	0	56	0	0	1	217
sim_meta-10	260	5	11215	1	58	0	6	2	8	30	50	982	57	0	0	172	35	845	4	211	3232	2808	0	78	151	25	70	0	7	48	10	9	0	120	88	6	0	1522	0	0	702	2817	267	668	1817	3	14	254	0	810	415	563	8	0	0	0	0	21	1734	29	0	0	14	12	0	0	0	0	0	0	30	0	14	0	0	0	142
sim_meta-100	424	1	11300	0	35	0	0	0	0	23	29	1339	56	8	0	162	36	640	0	167	3150	2438	0	24	91	43	68	0	2	0	0	0	0	103	6	13	0	1427	0	0	607	3191	242	509	1822	0	18	190	0	719	400	512	0	2	0	0	0	0	1522	7	0	0	26	11	0	0	1	0	0	0	14	0	0	0	3	1	45
sim_meta-101	200	0	11139	0	7	0	0	0	0	39	24	996	93	0	0	147	33	852	6	214	3181	2654	0	110	194	0	75	0	2	0	0	0	0	99	90	7	0	1646	1	0	650	2613	338	354	1625	0	9	248	0	882	620	539	0	0	0	0	0	0	1349	3	0	0	18	0	0	0	0	0	0	0	52	0	0	0	0	0	132
sim_meta-102	611	0	16409	3	16	0	0	0	0	36	52	3078	0	0	0	247	44	939	0	162	2819	2320	0	49	62	0	43	0	129	133	26	41	0	134	149	5	0	1630	1	0	1002	3551	303	541	1910	160	22	248	10	1654	1785	1095	0	0	0	0	0	0	1286	0	0	0	28	89	0	0	1	0	0	0	12	0	28	0	2	0	107
sim_meta-103	473	9	14046	9	37	0	24	0	18	54	54	1525	0	0	0	213	23	810	0	206	3101	2428	0	38	50	62	136	0	86	191	37	43	0	115	146	28	0	1506	4	0	907	2933	276	665	1623	76	6	184	0	833	704	752	25	0	1	0	0	54	1614	68	0	5	27	14	0	0	0	0	2	0	10	2	37	8	4	2	206
sim_meta-104	330	0	11094	1	35	0	0	0	0	19	30	1288	100	0	0	215	47	727	0	216	2982	2804	0	119	189	0	161	0	10	0	0	0	0	67	13	24	0	1663	0	1	799	3633	309	615	1889	2	0	209	0	1012	608	594	0	1	0	0	0	0	1545	4	0	3	8	0	0	0	7	0	0	5	19	2	2	0	1	1	93
sim_meta-105	76	0	7710	1	2	0	0	0	0	31	38	317	0	0	0	208	26	876	0	191	2436	2564	0	78	96	0	145	0	29	0	0	16	0	91	75	16	0	1268	0	0	477	2480	382	550	1602	61	0	108	0	749	175	447	0	1	0	0	0	0	1844	0	0	0	11	0	0	0	0	0	0	0	15	9	0	0	0	0	101
sim_meta-106	312	6	11278	6	83	0	0	0	0	50	80	601	0	0	0	132	64	964	6	192	2413	2576	0	51	49	0	106	0	17	112	11	0	0	187	84	5	0	1443	2	0	728	3392	313	362	2185	0	73	317	0	843	489	455	10	1	5	0	0	46	1541	35	0	0	38	0	0	0	0	0	0	0	19	0	35	0	2	0	166
sim_meta-107	178	3	10858	0	18	0	0	5	0	42	55	750	13	0	1	139	20	934	0	191	2730	2422	0	85	83	25	44	0	32	24	3	9	0	145	76	10	0	1414	3	0	733	3177	297	656	1907	4	0	212	0	690	379	498	4	3	4	0	0	25	1639	21	0	2	11	16	16	7	0	0	2	0	1	3	2	0	0	1	126
sim_meta-108	269	9	12612	5	49	0	0	0	0	80	85	953	42	0	1	142	20	877	0	197	2857	2716	0	31	32	15	75	0	30	120	24	8	0	130	153	17	3	1397	6	0	924	3032	329	370	1617	10	0	191	0	945	807	569	22	3	4	0	0	64	1211	76	0	0	22	19	0	0	0	0	0	0	30	9	36	0	0	0	182
sim_meta-109	376	1	14869	1	144	0	0	0	0	35	62	1141	100	0	0	230	14	614	0	183	2592	2038	0	5	8	70	62	0	5	0	0	0	0	88	57	2	1	1271	0	0	1235	4635	209	775	2394	11	2	394	0	439	70	488	0	1	0	0	0	0	1865	4	0	0	32	0	0	0	0	1	0	0	64	2	0	0	0	0	45
sim_meta-11	301	0	11025	1	30	0	0	1	0	76	57	372	4	0	0	245	68	824	0	237	2960	2222	0	35	50	0	132	0	0	0	0	26	0	135	58	14	0	1518	2	0	811	3507	260	705	2038	0	0	229	0	567	197	330	0	0	1	0	0	0	1626	4	0	0	7	0	0	0	2	0	0	0	54	0	5	0	0	0	123
sim_meta-110	140	9	10524	10	17	0	0	3	0	44	55	1030	6	0	0	165	35	1040	0	219	2680	2517	2	51	59	0	58	0	43	78	18	3	0	160	100	1	0	1437	3	0	774	2967	327	566	1618	18	29	134	0	912	738	606	16	3	3	0	0	58	1534	38	0	0	12	14	0	0	0	0	0	0	60	2	16	0	1	0	168
sim_meta-111	835	3	14543	15	25	0	0	0	0	52	73	3635	0	0	0	248	10	943	0	208	2891	2599	0	57	64	22	37	0	186	189	31	37	0	183	192	20	0	1641	0	0	645	2917	275	635	1655	207	0	192	0	1420	1703	1240	10	1	0	1	0	10	1425	8	0	1	3	80	0	0	0	0	0	0	46	0	0	1	0	0	166
sim_meta-112	281	8	12692	2	52	0	0	1	0	18	24	2280	115	0	1	216	25	751	7	179	3330	2624	0	127	193	32	83	0	30	158	36	18	0	60	162	14	0	1649	4	0	1051	2729	320	527	1536	33	3	193	0	1406	1302	899	26	2	0	0	0	19	1368	21	0	3	61	12	0	0	0	0	0	0	29	3	0	2	1	0	220
sim_meta-113	309	9	14689	21	13	0	0	0	0	31	42	2768	27	0	0	257	45	1023	0	203	2713	2293	0	90	175	69	74	0	155	333	76	21	0	204	297	6	0	1446	4	0	1258	3199	314	695	1614	108	19	173	6	1999	2854	1358	17	1	2	0	3	30	1448	33	0	1	8	65	10	1	0	0	0	0	37	0	5	2	2	0	202
sim_meta-114	178	0	8828	0	12	0	0	0	0	44	58	367	8	0	0	122	30	776	4	229	3414	2606	0	31	42	0	100	0	9	9	1	0	0	254	94	7	0	1450	2	0	593	2324	402	507	1637	5	16	267	0	794	273	357	0	1	0	0	0	19	1302	26	0	0	13	11	0	0	2	0	0	0	68	1	0	0	0	3	82
sim_meta-115	254	3	13053	19	39	0	0	2	0	27	29	1218	29	0	0	146	30	863	0	207	2772	2397	0	49	102	0	84	0	30	91	12	20	0	82	112	25	0	1352	2	0	960	2898	296	671	1795	0	11	302	0	960	1212	638	11	4	0	0	1	25	1308	21	0	5	71	11	5	3	0	0	0	0	13	7	30	1	3	0	137
sim_meta-116	218	0	10377	2	19	0	0	1	0	22	40	1519	169	0	1	162	14	723	0	182	3018	2837	0	72	138	14	28	0	0	0	0	0	0	78	80	15	0	1489	0	0	860	2592	293	714	1351	0	4	251	0	900	760	649	1	0	0	0	0	0	1342	7	0	3	34	0	0	0	0	0	0	1	38	23	0	0	1	0	125
sim_meta-117	362	1	13002	9	54	0	0	27	0	35	63	570	16	0	0	227	31	783	2	187	2723	2287	0	70	95	13	107	0	30	63	13	15	0	96	127	5	0	1402	7	0	904	3642	322	639	2079	9	0	139	0	862	511	448	5	2	0	0	0	5	1472	12	2	1	44	5	0	0	1	0	0	8	15	0	0	0	0	0	137
sim_meta-118	277	0	8794	1	2	0	0	0	0	42	61	1085	75	0	0	88	12	729	2	190	3767	3258	0	48	62	0	86	0	5	0	0	33	0	128	25	14	0	1500	0	0	596	3171	279	316	2126	0	0	292	0	788	422	481	0	11	0	0	4	0	1596	9	0	0	4	0	0	0	0	0	0	0	9	0	0	0	0	0	17
sim_meta-119	223	0	12427	16	1	0	0	7	0	55	35	1267	17	0	0	206	88	717	0	221	2722	2385	0	0	0	0	97	0	21	21	7	26	0	90	25	6	0	1309	8	0	619	3137	296	929	1903	0	0	184	0	603	768	586	0	1	0	0	0	0	1795	3	0	0	12	0	0	0	0	0	0	0	20	6	0	0	0	1	65
sim_meta-12	294	0	14509	0	29	0	0	76	0	0	11	694	17	0	0	264	50	938	0	212	2255	2064	0	76	85	0	176	0	19	0	0	0	0	166	40	12	0	1337	7	0	922	4292	298	746	2447	0	24	219	0	663	135	421	0	1	1	0	0	0	1696	1	0	1	0	0	0	0	3	0	0	0	5	0	0	0	3	2	174
sim_meta-120	273	1	12089	1	41	0	0	0	0	23	32	862	47	2	0	152	25	860	8	196	2652	2664	0	23	30	0	78	2	27	14	3	40	0	66	66	4	0	1312	6	0	627	3025	240	448	1935	2	23	256	0	615	307	422	0	0	0	0	0	0	1359	2	0	1	39	0	6	0	0	0	1	0	4	15	0	0	1	0	154
sim_meta-121	467	8	15068	17	29	0	0	2	0	45	78	2269	11	0	0	215	37	915	0	208	2566	2406	0	55	55	6	54	1	77	230	54	29	0	150	165	4	0	1430	0	0	842	3785	297	389	2030	105	6	142	0	1286	1475	959	23	1	0	0	0	59	1374	55	0	0	16	35	28	7	1	2	0	0	5	1	47	0	2	0	211
sim_meta-122	195	0	10012	3	32	0	0	0	0	53	67	654	4	0	0	176	43	942	0	214	2715	2612	0	98	132	0	45	0	17	12	3	15	0	177	53	23	0	1466	0	0	533	2767	356	804	1896	0	0	221	0	689	422	516	0	1	1	0	0	0	1712	0	0	0	3	5	0	0	0	0	1	0	35	0	0	0	4	0	125
sim_meta-123	246	0	8926	3	41	0	0	0	0	52	69	780	46	0	0	135	10	806	0	210	2994	2797	0	70	104	0	22	0	14	0	0	3	0	112	33	1	0	1649	5	0	588	2601	256	446	1495	0	0	201	0	779	463	495	0	3	0	0	4	0	1536	12	0	0	3	0	12	4	0	0	0	0	33	2	0	0	0	1	82
sim_meta-124	91	0	9858	0	27	0	0	0	0	33	49	531	0	0	0	38	27	955	0	230	4537	3662	0	7	110	0	30	0	10	0	0	19	0	80	39	3	0	1635	0	0	509	2677	263	200	1607	0	81	202	0	590	192	410	0	0	2	0	9	0	1752	12	0	0	44	53	0	0	0	0	0	0	2	0	0	0	1	0	82
sim_meta-125	459	4	12960	16	26	0	0	17	0	46	38	1160	7	1	0	240	26	893	0	195	2960	2648	0	42	104	47	75	0	49	162	28	21	0	194	222	9	0	1471	9	1	966	3312	282	857	1914	83	0	302	0	1128	1201	718	15	0	3	0	0	9	1451	36	0	0	19	40	0	0	0	0	0	0	27	1	0	1	1	1	132
sim_meta-126	111	0	9869	0	16	0	0	25	0	31	47	930	21	0	0	139	26	845	1	217	2905	2533	0	25	36	28	64	0	12	0	0	7	0	135	97	17	2	1569	2	0	674	2607	316	540	1646	5	19	248	0	600	131	435	0	1	4	0	3	0	1205	17	0	1	36	0	20	10	0	1	0	0	66	4	2	0	1	0	108
sim_meta-127	202	11	10250	2	37	0	0	0	0	57	83	533	0	0	1	216	23	895	6	238	3302	2870	0	31	25	43	67	0	31	202	23	3	0	191	222	22	0	1859	2	0	985	3050	301	584	1885	45	0	374	0	960	702	489	14	2	0	0	0	24	1432	25	0	3	23	19	0	0	0	0	0	0	70	0	0	3	0	0	87
sim_meta-128	252	9	14359	63	31	0	23	20	13	28	54	1281	0	0	1	109	39	1023	2	231	2642	2449	0	75	77	54	80	1	83	176	29	0	5	184	166	11	0	1533	8	0	1327	3451	305	610	1909	15	42	227	0	738	605	578	25	0	5	0	0	51	1375	44	15	4	55	0	12	4	0	0	0	6	8	2	70	4	2	1	160
sim_meta-129	296	1	11368	0	42	0	0	0	0	44	49	993	0	5	0	215	39	922	0	202	2661	2538	0	42	36	65	222	0	0	0	0	20	0	151	80	5	0	1368	1	0	596	2830	298	1064	2018	0	25	239	0	603	136	504	0	0	0	0	0	0	1801	1	0	0	24	0	0	0	2	0	0	0	24	0	0	0	1	1	108
sim_meta-13	168	0	10238	3	34	0	0	6	0	21	25	1000	57	0	3	184	31	822	0	174	3070	3124	0	56	65	0	120	0	31	46	3	5	0	84	91	21	0	1487	2	0	910	2535	305	634	1543	0	17	210	0	727	332	531	5	0	2	0	0	0	1599	4	0	9	103	2	0	0	0	0	0	0	18	23	10	1	2	1	136
sim_meta-130	206	4	11508	3	38	0	0	1	0	20	26	657	0	2	0	185	24	908	0	205	2938	2735	0	30	59	27	52	0	16	121	22	41	0	129	152	6	0	1343	2	0	585	2690	321	947	1478	10	25	153	0	930	623	475	23	1	0	0	2	31	1510	30	0	0	31	15	0	0	1	0	0	0	27	0	13	0	3	0	128
sim_meta-131	101	0	8229	0	16	0	0	0	0	71	85	117	0	0	0	238	32	1059	0	164	2488	3120	0	161	191	0	15	0	16	2	1	6	0	166	15	19	0	1537	0	0	248	2168	303	539	1645	0	4	151	0	704	276	404	0	1	2	0	0	0	1380	11	0	2	8	0	0	0	0	0	0	0	25	0	7	0	0	0	179
sim_meta-132	439	11	13280	0	33	0	0	7	0	30	32	2257	0	0	0	217	45	1019	0	211	2629	2264	0	106	136	36	137	0	94	176	43	29	0	116	161	12	0	1672	1	0	641	2954	354	766	1712	83	34	205	0	1223	915	974	13	0	2	0	3	25	1299	20	0	0	10	24	0	0	2	0	1	0	20	0	0	2	0	0	191
sim_meta-133	512	4	15347	10	29	0	14	0	10	52	57	2195	8	0	0	149	55	712	8	200	2741	2456	0	11	44	55	53	0	82	145	28	42	0	106	175	2	0	1484	6	0	949	3439	259	315	1884	83	8	192	5	1306	1326	829	16	0	1	0	0	36	1400	35	0	1	18	45	13	6	0	0	0	0	6	0	43	2	1	0	135
sim_meta-134	404	4	12959	14	10	0	0	0	0	25	37	1832	14	0	1	249	22	855	0	194	3040	2845	0	37	55	18	69	0	44	155	22	4	0	64	152	4	0	1359	2	0	1280	3578	282	1114	1953	64	0	146	0	1199	1209	702	29	2	3	0	0	63	1395	62	0	0	88	21	0	0	0	3	0	0	19	14	26	0	3	1	189
sim_meta-135	221	0	11019	0	10	0	0	4	0	35	37	206	0	0	0	195	46	893	0	226	2817	2720	0	8	6	0	75	0	3	0	0	26	0	148	20	3	0	1253	2	0	603	3120	324	1412	1945	0	0	172	0	569	78	301	0	0	2	0	0	0	1694	6	0	0	15	0	0	0	0	0	0	0	9	0	0	0	3	0	65
sim_meta-136	197	7	10254	9	38	0	0	0	0	48	75	1003	11	0	0	176	34	797	0	196	2622	2743	0	84	122	21	126	0	20	85	16	0	0	114	89	7	2	1500	1	0	760	3033	282	447	1855	4	8	139	0	807	592	571	23	0	1	0	0	46	1554	42	0	0	32	0	0	0	3	1	0	0	4	0	29	0	0	0	178
sim_meta-137	209	5	12290	5	33	0	0	2	0	29	32	736	28	0	0	168	49	918	0	188	2809	2717	0	114	106	0	66	0	45	71	6	7	0	152	72	9	0	1427	4	0	1042	3097	363	815	1868	0	31	253	0	751	319	475	3	1	0	0	0	0	1538	0	0	2	57	0	0	0	0	0	0	0	66	6	29	1	2	0	152
sim_meta-138	175	2	8969	132	27	0	0	0	0	35	67	905	1	0	0	178	47	907	0	203	2855	2761	0	30	26	0	38	0	95	44	6	0	0	180	48	8	0	1413	2	0	616	2793	275	632	1692	2	25	203	0	736	836	548	0	5	2	0	0	15	1366	22	28	0	16	11	0	0	0	0	0	0	18	0	1	0	1	1	87
sim_meta-139	178	0	10254	0	40	0	0	13	0	34	53	754	0	3	0	186	17	921	0	191	2932	2725	0	41	57	12	119	0	43	8	8	25	0	155	26	9	0	1392	4	0	506	2595	351	546	1653	40	29	210	0	627	135	366	0	0	0	0	0	0	1251	8	0	3	38	0	0	0	1	0	2	1	130	0	1	0	3	1	82
sim_meta-14	326	0	14251	0	35	0	0	0	0	54	59	879	20	0	0	164	19	776	0	237	2775	2425	1	0	0	0	106	0	98	150	17	5	3	125	190	30	0	1472	7	0	1150	3420	323	631	1877	16	26	223	0	748	534	519	0	8	2	0	0	36	1430	42	0	7	57	29	0	0	0	0	1	0	50	3	32	2	1	1	80
sim_meta-140	295	9	12090	15	39	0	19	1	14	35	61	574	4	0	1	178	46	903	5	239	2575	2253	0	68	64	46	64	0	24	97	14	10	0	128	166	16	1	1431	2	0	735	3247	337	693	1890	26	20	211	0	734	468	478	23	0	1	0	0	40	1424	44	0	0	25	1	0	0	0	0	0	0	14	1	29	3	1	1	204
sim_meta-141	332	10	12288	7	6	0	19	1	19	27	66	2121	69	0	1	170	52	863	0	187	3055	2997	0	34	39	43	60	0	74	142	33	23	0	137	225	13	0	1544	3	0	958	2592	283	350	1588	72	36	201	1	1067	952	792	26	1	0	0	0	36	1348	42	0	3	46	35	0	0	0	0	0	5	9	21	36	3	0	2	191
sim_meta-142	173	7	10710	2	21	0	0	0	0	20	22	330	2	0	0	170	38	820	0	214	2646	2558	0	69	106	0	58	0	32	30	7	35	1	74	16	25	0	1522	1	0	557	2837	349	535	1598	3	0	186	0	734	212	422	0	0	2	0	0	0	1455	3	0	0	39	0	0	0	0	0	6	4	55	2	4	1	0	0	161
sim_meta-143	288	0	10576	12	37	0	0	0	0	28	29	579	28	0	0	178	33	824	5	211	2774	2457	0	91	99	22	101	0	38	31	4	29	0	113	78	17	2	1421	4	0	803	2918	307	832	1749	32	36	201	0	738	756	500	0	0	1	0	0	0	1578	0	0	0	69	1	0	0	1	2	0	0	104	4	12	1	1	0	147
sim_meta-144	261	0	12262	0	25	0	0	0	0	36	35	738	0	0	0	186	34	907	7	213	2032	1787	0	64	65	0	109	0	33	0	0	0	0	128	59	13	0	1617	0	0	438	2431	370	595	1653	0	38	241	0	736	220	452	0	0	3	0	0	0	1373	5	0	5	27	0	0	0	0	0	0	1	7	0	0	0	0	1	109
sim_meta-145	156	0	10701	1	18	0	0	6	0	54	69	243	17	0	0	92	53	965	2	202	2817	2681	0	22	37	0	65	0	3	0	0	31	0	186	47	9	0	1436	1	0	630	2881	369	493	1882	1	0	228	0	612	73	325	2	0	2	0	2	0	1569	2	0	0	1	0	0	0	0	0	0	0	20	0	4	0	1	1	93
sim_meta-146	414	0	10886	258	50	0	0	0	0	0	1	1554	0	0	0	207	28	791	0	201	2672	2803	0	13	27	0	123	0	143	47	9	10	0	124	43	8	0	1257	0	0	579	3360	311	608	2040	0	12	184	0	706	1365	802	0	1	0	0	0	0	1531	0	78	0	25	0	0	0	5	0	0	0	5	2	0	0	4	1	79
sim_meta-147	304	5	13543	11	24	0	0	11	0	17	30	2025	77	6	0	209	46	864	0	211	2727	2375	0	152	217	20	106	0	56	142	17	14	0	56	163	20	0	1571	3	0	1078	3354	350	655	1896	22	9	118	0	1222	1198	841	19	0	0	0	0	6	1471	18	0	1	18	21	0	0	2	0	0	0	7	0	14	3	0	0	216
sim_meta-148	533	24	15531	15	43	0	47	18	27	49	54	2982	131	0	0	353	19	966	0	169	3145	2254	0	155	239	103	68	0	48	166	28	13	0	175	262	7	0	1732	3	0	1286	3414	313	1141	1725	27	21	212	0	1251	1073	988	44	0	1	0	0	85	1411	98	0	0	5	0	0	0	0	0	0	17	93	0	59	3	2	0	211
sim_meta-149	190	0	11373	0	73	0	0	2	0	34	51	481	14	0	0	178	52	916	3	193	2547	2196	0	35	53	7	100	0	3	0	0	5	0	153	42	11	1	1518	0	0	866	3522	302	821	2071	7	34	201	0	579	185	398	0	0	3	0	0	0	1575	3	0	1	34	0	0	0	2	1	0	3	24	0	9	0	1	0	86
sim_meta-15	346	8	11311	11	40	0	0	16	0	27	61	892	65	0	1	205	28	728	5	200	2749	2903	0	37	42	0	144	5	0	120	16	3	0	109	116	1	0	1257	1	1	964	3240	296	860	1875	1	0	231	0	997	693	528	29	2	1	0	0	49	1492	42	0	0	54	2	0	0	0	0	0	3	10	8	26	0	6	1	212
sim_meta-150	168	0	9658	0	60	0	0	0	0	52	101	1125	0	0	0	238	28	901	0	221	2803	2981	0	40	42	0	65	0	5	0	0	6	0	133	45	16	0	1421	1	0	598	2713	302	1036	1757	0	12	248	0	479	78	450	0	3	1	0	0	0	1256	0	0	4	34	0	0	0	0	0	0	0	38	0	0	0	0	1	83
sim_meta-16	240	0	10174	84	24	0	0	18	0	26	38	598	0	0	0	121	13	863	0	222	3231	3226	0	15	65	0	104	0	38	15	5	0	0	120	12	1	0	1654	2	0	783	2933	281	752	1809	0	0	180	0	735	495	420	0	0	0	0	0	0	1655	22	5	0	7	9	0	0	7	0	0	3	11	1	0	0	0	1	49
sim_meta-17	309	11	10656	14	18	0	0	0	0	56	88	1422	82	0	0	211	20	829	0	218	3022	2670	0	67	131	0	112	0	15	171	33	0	0	98	128	12	0	1705	0	0	819	2826	334	483	1761	30	4	194	0	1303	1099	731	24	3	0	0	0	64	1655	76	0	3	29	0	0	0	0	0	0	0	6	0	44	0	0	0	181
sim_meta-18	165	6	10646	30	21	0	0	0	0	28	54	903	0	0	0	197	26	905	0	197	2606	2561	0	81	161	0	75	0	22	102	30	0	0	157	73	6	0	1368	3	0	731	2852	295	700	1700	3	14	196	0	879	707	529	18	0	1	0	0	37	1482	53	3	0	21	0	0	0	0	0	0	0	26	1	40	0	1	1	198
sim_meta-19	317	11	15463	0	24	0	0	38	0	40	88	1581	0	0	0	163	20	802	2	234	2455	2570	1	31	46	122	78	0	141	471	84	17	2	196	387	1	0	1399	10	0	1655	3874	289	681	2243	70	7	186	0	1422	1446	797	47	0	1	0	0	44	1350	41	0	0	34	19	0	0	2	0	0	0	18	1	21	4	0	1	255
sim_meta-2	496	3	13835	97	26	0	0	10	0	13	24	2730	0	0	0	196	27	975	0	212	2384	2184	0	94	94	0	115	0	145	83	15	29	0	99	101	7	0	1149	0	0	609	2859	323	661	1433	123	14	94	0	997	1116	952	7	1	0	0	0	0	1227	1	23	0	0	34	0	0	2	0	0	0	128	0	0	0	1	0	178
sim_meta-20	259	0	12952	0	29	0	0	0	0	25	27	973	0	0	1	155	37	924	1	181	2753	2375	0	50	80	0	32	0	28	27	2	11	0	191	67	5	0	1546	3	1	977	3200	319	588	1809	15	6	239	5	1057	813	576	0	1	3	0	0	0	1267	6	0	3	32	32	0	0	0	0	0	1	87	4	11	0	1	1	83
sim_meta-21	312	5	11784	13	17	0	7	0	1	35	41	1316	56	0	1	111	27	791	0	171	3157	2661	0	9	36	16	81	2	32	50	10	23	0	87	103	10	0	1335	3	0	840	2858	277	848	1554	43	22	192	0	688	651	583	6	1	0	0	0	9	1404	15	0	0	36	11	0	0	0	0	0	0	22	17	8	1	0	0	121
sim_meta-22	184	2	13688	0	6	0	0	0	0	33	59	532	0	0	0	137	31	762	0	185	2553	2163	0	31	69	0	74	0	0	0	0	5	0	182	33	3	0	1434	1	0	967	3672	384	781	2063	0	0	222	0	814	305	413	0	0	1	0	0	0	1562	5	0	0	23	0	0	0	4	0	0	0	21	0	2	0	0	0	80
sim_meta-23	304	9	10744	114	35	0	0	0	0	35	52	814	39	0	0	128	15	930	0	237	3076	3073	0	47	87	32	74	0	64	123	25	0	0	127	105	9	4	1456	2	0	958	2990	295	557	1868	3	7	221	0	947	1151	670	17	0	1	0	0	36	1738	39	29	0	8	7	0	0	0	3	0	2	20	5	27	0	5	0	187
sim_meta-24	155	10	12854	114	14	0	0	3	0	27	41	1476	0	0	0	194	22	882	0	208	3514	2883	0	52	109	0	88	0	87	170	34	31	0	90	80	4	0	1436	3	0	664	3118	306	595	1684	14	15	182	0	908	1051	717	32	3	0	0	7	53	1734	48	23	0	25	23	0	0	2	0	0	0	1	0	46	0	0	2	244
sim_meta-25	178	0	9729	3	22	0	0	0	0	48	58	786	0	0	0	181	31	818	0	169	2756	2490	0	47	83	25	175	3	3	7	1	12	0	127	40	27	0	1288	1	0	461	2981	308	1163	1937	1	11	233	0	675	261	489	0	1	1	0	0	0	1501	4	0	0	37	18	0	0	1	0	0	0	28	4	0	0	0	0	174
sim_meta-26	140	4	8868	0	37	0	0	0	0	24	15	99	46	0	0	293	56	1099	0	207	2650	2175	0	61	74	0	157	0	1	0	0	19	0	185	108	6	0	1429	0	0	345	3017	269	973	1931	4	0	264	0	582	90	329	0	0	0	0	18	0	1572	1	0	0	4	0	0	0	0	0	0	0	19	0	0	0	0	0	75
sim_meta-27	416	1	14005	115	21	0	0	9	0	22	39	2003	0	0	0	145	38	744	0	231	2899	2769	0	18	36	0	74	3	141	132	29	25	0	166	94	10	0	1283	1	0	819	3162	353	510	1794	67	23	196	0	884	1124	778	8	1	0	0	0	11	1364	16	26	4	16	44	0	0	0	0	0	0	17	0	11	2	4	0	171
sim_meta-28	251	0	12736	36	15	0	0	80	0	17	27	116	0	0	0	94	17	866	0	215	3008	2776	0	19	65	0	1	0	11	0	0	0	0	71	5	53	0	1669	7	0	1157	3789	335	679	2016	27	0	300	0	685	1398	435	0	3	0	0	0	0	1694	0	0	0	8	0	0	0	0	0	0	0	86	0	0	0	0	1	130
sim_meta-29	508	0	17299	1	81	0	0	0	0	21	35	2044	72	0	0	117	66	686	5	172	2436	1999	0	26	93	0	55	0	29	39	4	36	0	44	125	8	0	1370	1	0	1405	4267	226	611	2534	0	13	325	5	1362	1486	787	0	1	0	0	5	0	1118	3	0	0	29	37	0	0	0	0	0	0	2	0	14	0	0	0	61
sim_meta-3	621	0	13783	24	22	0	0	0	0	29	44	2253	0	0	0	141	27	1022	0	185	3027	2610	0	34	96	0	40	0	104	88	25	64	0	81	145	9	0	1559	1	0	598	2875	240	374	1543	159	0	236	0	1076	1747	1027	0	0	0	0	10	0	1661	2	0	0	27	50	22	6	0	0	0	0	15	0	0	0	2	0	231
sim_meta-30	296	14	11642	4	40	0	33	0	26	54	52	605	22	0	0	323	18	1028	0	199	2377	1991	0	199	204	61	169	0	40	97	13	0	0	95	159	8	0	1535	0	0	622	2846	309	1323	1466	55	22	216	0	826	372	576	20	1	0	0	0	60	1515	55	0	0	33	17	0	0	1	0	0	0	109	0	58	2	0	2	206
sim_meta-31	274	4	13181	86	41	0	0	23	0	3	10	1777	32	0	0	145	56	721	0	181	2586	2628	0	1	25	20	109	2	58	38	11	17	0	77	108	4	0	1361	2	0	1145	3243	262	681	1789	0	35	192	9	1177	1880	792	0	0	0	0	0	0	1202	2	19	0	68	37	0	0	0	0	0	0	12	7	13	0	5	0	127
sim_meta-32	310	2	12119	22	40	0	0	8	0	53	55	1327	0	0	0	225	28	869	1	204	2840	2457	0	4	14	0	50	0	31	24	4	8	0	152	63	15	0	1428	5	0	752	3252	296	1152	1804	1	2	251	0	768	1144	620	6	3	3	0	0	21	1395	32	0	0	0	8	0	0	0	0	0	0	52	5	0	0	2	1	168
sim_meta-33	583	0	15586	3	34	0	0	7	0	20	34	2657	1	0	0	221	55	890	0	190	3091	2642	0	37	71	0	112	0	114	122	13	25	0	78	124	14	0	1467	4	0	700	3304	301	1170	1749	128	27	184	0	1046	879	886	7	1	2	0	3	0	1450	3	0	2	57	42	0	0	0	0	0	0	14	3	13	2	1	0	139
sim_meta-34	310	10	15922	0	26	0	0	0	0	20	36	1673	0	0	0	172	49	762	0	185	2768	2634	0	3	13	113	129	0	169	436	97	7	0	152	411	20	0	1522	4	0	1827	3467	388	688	1806	70	0	275	5	1781	2020	865	34	0	0	0	0	39	1302	47	0	1	28	40	0	0	0	0	0	0	62	2	46	3	3	1	174
sim_meta-35	340	0	12713	6	36	0	6	0	10	41	45	815	34	3	0	145	28	756	2	194	3963	2859	0	55	127	29	32	0	20	39	11	7	0	163	134	5	1	1476	1	0	796	2855	299	469	1622	9	11	212	0	706	357	524	14	0	0	0	0	18	1549	17	0	0	26	24	0	0	0	3	0	0	25	2	19	2	2	3	123
sim_meta-36	183	7	11464	0	19	0	0	0	0	27	35	859	6	0	0	171	42	716	3	181	4205	3194	2	37	124	32	54	0	26	94	10	8	0	133	125	0	2	1704	4	0	806	3047	292	496	1622	23	10	191	0	939	694	617	9	5	0	0	0	32	1588	55	0	0	20	60	0	0	0	0	0	0	4	2	0	1	1	0	132
sim_meta-37	182	0	14212	2	31	0	0	0	0	43	41	1026	7	0	0	222	53	936	0	174	2897	2500	0	43	93	0	56	0	29	45	14	27	0	181	91	11	0	1475	1	0	1089	3515	276	565	1928	2	9	248	9	1285	1147	670	0	0	1	0	0	0	1433	3	0	1	7	50	0	0	0	0	0	0	14	0	19	0	2	0	164
sim_meta-38	262	4	13701	4	32	0	17	0	6	33	53	1671	0	0	0	204	20	1001	6	217	2431	2598	3	85	102	113	110	0	44	107	16	0	0	101	159	11	0	1515	11	0	941	3208	355	1200	1728	12	8	252	0	1029	958	765	18	7	3	0	0	91	1562	105	0	0	23	29	4	1	0	0	0	0	23	4	24	2	0	0	221
sim_meta-39	114	0	8707	0	9	0	0	0	0	32	47	432	38	0	1	112	8	924	0	158	3013	2831	0	36	45	0	19	4	11	17	3	4	0	83	77	6	0	1361	0	0	483	2598	261	944	1768	0	37	178	0	574	262	352	0	2	1	0	0	0	1466	4	0	0	122	5	0	0	0	0	1	0	7	7	0	0	0	0	114
sim_meta-4	116	1	12618	0	8	0	0	25	0	29	43	490	4	0	0	177	37	773	0	193	2920	2881	0	65	118	0	56	0	25	18	7	15	0	106	33	2	0	1544	0	0	860	3102	325	623	1769	2	11	151	2	871	622	469	0	2	0	0	0	0	1420	2	0	0	52	13	0	0	0	0	0	2	23	0	6	0	0	0	147
sim_meta-40	404	3	12645	3	32	0	0	35	0	47	46	1422	22	0	1	177	29	863	0	202	2796	2682	0	39	54	17	86	0	56	96	22	29	0	90	152	17	0	1424	1	0	864	3538	304	970	2162	65	7	153	0	855	663	616	5	2	1	0	0	7	1320	4	0	3	22	19	21	3	0	0	0	0	0	7	4	0	4	1	145
sim_meta-41	148	0	11006	158	30	0	0	0	0	17	33	1197	0	0	0	121	38	916	0	178	2247	2334	0	42	51	0	56	0	104	48	12	19	0	211	74	5	0	1197	0	0	781	2622	304	968	1556	0	0	171	5	997	1428	714	0	0	1	0	0	0	1475	0	39	0	10	22	0	0	0	0	0	0	35	0	11	0	1	0	143
sim_meta-42	237	12	12739	6	20	0	7	0	4	32	58	1246	2	0	0	167	17	970	0	202	2819	2767	0	19	41	62	75	1	82	237	42	9	0	157	241	12	0	1506	4	0	997	2959	301	484	1788	61	6	241	0	895	773	591	13	2	1	0	0	36	1465	32	0	4	16	4	0	0	0	0	0	0	107	0	38	2	0	1	112
sim_meta-43	312	0	11698	71	27	0	0	0	0	25	56	1514	0	0	0	200	32	766	0	184	2982	2313	0	78	114	17	58	0	101	45	10	11	0	118	102	23	0	1456	0	0	558	2664	324	738	1589	50	18	231	0	874	846	728	0	0	0	0	0	0	1534	12	12	1	48	27	0	0	0	0	0	0	24	0	0	0	0	0	97
sim_meta-44	172	0	9211	0	28	0	0	0	0	59	65	226	3	0	0	228	23	915	1	194	3178	3144	0	77	95	0	108	0	8	6	3	9	0	176	28	3	0	1556	0	0	714	2734	312	743	1613	1	20	264	1	696	298	400	0	1	3	0	0	4	1804	18	0	0	5	20	0	0	0	0	0	0	37	0	3	0	1	0	140
sim_meta-45	243	1	9518	0	25	0	0	0	0	28	50	266	1	0	0	168	21	1085	0	202	2805	2573	0	96	88	0	102	0	4	0	0	16	0	153	33	5	0	1512	0	0	577	2697	354	707	1784	4	6	194	0	667	233	401	0	0	0	0	0	0	1485	7	0	0	23	0	0	0	1	0	0	1	18	0	16	0	1	1	114
sim_meta-46	191	1	11945	2	17	0	0	7	0	20	22	960	0	0	1	149	45	788	0	200	2745	2135	0	67	81	0	69	0	2	0	0	10	0	133	80	3	0	1422	2	0	813	3186	331	624	1815	0	34	237	0	634	138	445	10	0	3	0	0	0	1507	1	0	0	42	1	0	0	0	0	0	0	2	0	11	0	1	0	143
sim_meta-47	207	0	12191	0	51	0	0	0	0	28	29	866	3	0	0	176	35	836	0	208	2747	2463	0	29	51	0	113	5	53	52	7	22	0	107	70	13	0	1318	2	0	651	3017	310	524	1865	20	38	216	0	634	188	437	0	1	2	0	0	0	1297	3	0	3	56	0	0	0	1	0	1	5	18	3	9	3	1	0	114
sim_meta-48	192	0	9931	3	26	0	0	0	0	35	45	867	25	5	0	237	25	917	0	213	2766	2357	0	42	53	27	124	0	11	18	3	25	0	190	25	3	0	1389	0	0	609	2676	350	774	1722	4	2	195	0	741	257	473	0	0	2	0	0	0	1695	0	0	0	24	1	0	0	0	0	0	0	40	10	0	0	0	0	148
sim_meta-49	245	9	13142	4	44	0	0	25	0	16	44	1017	0	0	0	172	38	727	2	190	3028	2475	0	21	53	0	83	0	12	79	15	20	0	50	93	7	0	1471	5	0	850	3492	338	708	1900	31	11	174	0	738	539	530	10	0	0	0	0	37	1416	30	0	0	26	14	10	0	0	0	0	0	9	0	24	0	0	1	152
sim_meta-5	410	2	11799	2	14	0	0	9	0	73	95	1965	37	0	1	154	26	871	0	205	3338	3462	0	32	69	0	63	0	72	49	15	26	0	219	206	8	0	1519	4	0	934	3156	287	528	1777	87	0	255	0	877	658	741	6	0	0	0	0	0	1289	5	0	0	45	26	33	11	0	0	0	0	45	4	0	0	1	1	124
sim_meta-50	315	10	13383	4	38	0	0	8	0	25	38	1441	20	0	1	185	57	971	0	208	2982	2839	0	75	72	58	87	2	79	213	29	17	1	111	242	6	1	1511	8	0	1146	3180	342	775	1741	51	28	149	5	1303	1285	700	17	0	0	0	0	19	1259	27	0	2	54	21	17	2	0	0	0	0	23	3	26	4	3	0	169
sim_meta-51	207	4	11816	8	20	1	0	25	0	29	34	999	34	0	0	202	33	991	2	200	2785	2498	0	108	174	0	116	2	20	58	9	8	0	150	60	8	0	1388	3	0	948	3369	326	919	1829	0	1	163	0	793	611	635	6	1	0	0	0	9	1836	20	0	2	13	9	0	0	0	0	0	3	8	0	13	0	1	0	179
sim_meta-52	473	0	17215	2	21	0	0	0	0	28	43	2627	0	0	0	221	40	913	0	201	2967	2391	0	20	19	0	0	0	125	129	26	53	0	208	154	1	0	1578	0	0	1364	3355	319	645	1842	85	0	260	8	2037	2282	1110	0	0	0	0	0	0	1152	3	0	0	7	107	0	0	0	0	0	0	67	0	23	0	1	0	123
sim_meta-53	216	1	11968	17	35	0	0	0	0	23	39	1028	23	0	0	194	49	845	5	215	2599	2320	2	36	54	0	107	0	10	9	1	9	0	170	57	20	0	1474	6	0	801	3397	348	857	1813	1	12	246	0	794	986	601	0	4	4	0	0	29	1481	18	0	0	15	16	0	0	1	0	0	0	48	1	2	0	1	0	142
sim_meta-54	314	0	10988	2	14	0	0	0	0	45	61	1528	92	0	0	111	38	721	2	167	3110	2695	0	23	47	19	57	4	27	17	3	19	0	119	113	22	0	1442	1	0	730	2703	259	777	1757	26	4	250	0	784	583	590	0	0	2	0	0	0	1323	6	0	1	35	12	0	0	0	0	0	0	31	14	0	0	0	0	125
sim_meta-55	174	0	10099	90	13	0	0	2	0	28	40	808	0	0	0	161	40	833	0	212	2674	2754	0	10	23	0	63	0	80	23	12	12	0	187	35	12	0	1485	1	0	566	3035	271	1383	1982	0	3	253	0	576	588	484	3	3	0	0	1	0	1556	0	12	1	15	0	0	0	0	0	0	1	8	1	0	0	0	1	100
sim_meta-56	224	6	12051	5	15	0	11	0	8	34	45	1451	2	0	0	216	23	923	0	181	2680	2273	0	45	43	43	72	0	66	115	19	18	0	80	179	3	0	1524	1	0	1016	2732	298	932	1642	12	47	153	9	1277	1141	689	12	1	0	0	3	25	1245	31	0	0	33	33	0	0	0	0	0	0	2	1	28	1	0	1	180
sim_meta-57	93	3	9534	2	11	0	0	0	0	24	45	356	0	0	1	110	16	1010	0	221	3497	3467	0	23	32	0	56	0	9	0	0	25	0	202	14	4	0	1596	0	0	712	2449	358	680	1659	32	55	218	0	617	127	417	0	0	0	0	0	0	1677	3	0	0	76	0	0	0	0	0	0	3	154	7	5	0	1	1	140
sim_meta-58	255	4	13595	2	17	0	13	0	3	17	22	1216	0	0	0	230	91	829	0	199	2397	2004	0	71	90	18	177	6	96	146	27	3	3	55	108	17	0	1545	12	0	1010	3271	354	930	1793	8	37	193	0	715	285	600	8	1	1	0	0	15	1466	17	0	4	41	0	0	0	0	0	0	0	6	0	57	5	0	0	122
sim_meta-59	192	0	11675	46	26	0	0	0	0	25	9	1054	0	0	0	220	39	838	0	188	2658	1918	0	89	204	0	117	0	11	0	0	11	0	48	25	14	0	1380	0	0	695	2991	287	339	1516	0	24	238	0	870	1802	722	0	0	0	0	0	0	1774	0	0	0	29	0	0	0	0	0	0	0	20	7	0	0	1	0	218
sim_meta-6	279	5	12440	6	24	0	21	0	12	21	40	1387	34	0	0	264	20	912	0	183	2921	2388	0	105	159	46	110	0	57	99	12	7	0	118	157	6	0	1577	0	0	989	3045	309	643	1600	16	10	170	8	1237	1029	734	19	0	0	0	0	36	1524	48	0	0	0	38	23	6	4	0	0	0	48	0	41	2	1	0	216
sim_meta-60	223	0	12076	1	19	0	0	0	0	13	30	839	11	0	0	213	27	740	0	179	2898	2340	0	46	64	19	116	0	26	30	5	18	0	110	66	11	2	1505	0	0	944	3093	279	849	1803	10	9	208	5	1021	692	500	0	1	1	0	2	0	1398	8	0	0	27	40	0	0	8	0	0	0	10	0	10	0	1	1	119
sim_meta-61	167	0	9070	0	21	0	0	0	0	12	20	322	0	0	0	211	19	950	13	200	2824	2460	0	118	103	20	74	0	0	0	0	5	0	69	96	17	0	1519	0	0	419	2952	380	683	2005	0	19	170	0	729	160	432	0	2	0	0	0	0	1644	0	0	0	25	0	0	0	4	0	0	0	2	0	0	0	1	0	227
sim_meta-62	221	1	11029	1	42	0	0	4	0	38	65	799	0	0	1	162	19	839	5	153	2818	2821	0	12	18	0	72	0	20	27	5	11	0	148	102	5	0	1400	1	0	896	2917	312	947	1887	7	5	269	4	935	765	474	1	3	3	0	1	0	1541	7	0	1	81	11	0	0	0	0	0	0	83	4	8	0	0	1	93
sim_meta-63	237	0	11637	1	15	0	0	0	0	73	82	838	37	0	0	154	30	850	0	204	3111	2922	0	26	67	0	82	0	45	32	4	35	0	107	61	5	0	1426	1	0	639	2793	323	895	1681	39	3	151	0	697	512	498	0	0	0	0	0	7	1507	17	0	4	13	16	0	0	0	0	0	0	23	8	0	0	1	0	172
sim_meta-64	189	0	10008	0	12	0	0	0	0	46	75	1507	139	0	0	156	44	820	0	238	3844	2624	0	51	140	0	51	0	0	0	0	0	0	257	27	5	0	1579	0	0	813	2425	397	518	1243	0	0	320	0	1051	730	616	0	2	0	0	0	0	1463	6	0	0	8	0	0	0	0	0	0	22	120	0	0	0	0	0	71
sim_meta-65	243	0	9843	0	40	0	0	0	0	20	17	774	0	0	0	150	41	1103	0	236	2405	2920	0	98	129	0	15	0	0	1	0	11	0	61	101	16	0	1511	0	0	682	2644	271	876	1660	0	0	127	0	796	569	554	0	0	1	0	0	0	1433	1	0	6	15	0	47	12	0	0	0	0	20	0	0	0	2	0	205
sim_meta-66	346	12	13310	19	23	1	5	2	7	49	46	1471	2	0	0	208	21	739	2	229	2851	2371	0	53	81	13	85	0	63	238	57	31	0	133	212	26	0	1520	6	0	859	3020	398	541	1622	55	26	205	1	1343	1247	702	38	1	3	0	0	99	1507	95	0	5	17	25	0	0	0	0	1	4	50	0	66	1	0	0	199
sim_meta-67	354	1	12040	2	28	0	0	0	0	35	35	1640	15	6	0	227	37	818	0	190	2923	2423	0	47	90	12	66	0	38	26	8	8	0	90	62	5	2	1481	0	0	757	3319	251	592	1909	52	5	150	0	767	463	602	0	1	1	0	0	0	1506	8	0	0	20	31	0	0	1	1	0	0	9	2	3	0	2	1	139
sim_meta-68	312	4	10798	73	17	0	6	3	3	28	50	1422	20	0	0	172	35	830	1	217	2991	2875	0	31	49	20	34	0	73	55	14	19	0	185	95	6	0	1540	2	0	712	2890	335	365	1712	24	12	246	0	881	785	587	25	3	2	0	0	16	1425	35	9	0	10	8	0	0	0	0	0	0	57	1	10	2	1	0	84
sim_meta-69	283	14	14504	10	30	0	0	0	0	23	35	1711	70	0	0	192	34	773	0	180	3086	2462	0	43	86	44	87	0	57	291	53	21	0	120	294	5	0	1523	5	0	1479	3720	283	535	1828	27	17	228	5	1710	1958	908	32	2	1	0	0	47	1548	64	0	0	38	33	0	0	0	0	0	2	17	0	40	1	0	0	168
sim_meta-7	339	6	12632	17	22	0	0	20	0	21	36	950	18	0	0	158	44	768	0	214	2874	2576	0	30	54	0	88	0	31	38	7	4	0	123	68	15	0	1457	5	0	1006	3257	329	889	1823	1	2	220	0	683	410	479	0	1	1	0	0	0	1331	3	3	4	28	0	0	0	0	0	0	2	62	0	17	0	2	0	87
sim_meta-70	302	0	13849	0	7	0	0	23	0	34	50	786	0	0	0	247	59	814	0	245	2384	2191	0	51	74	0	194	0	3	0	0	9	0	80	47	3	0	1292	4	0	686	3853	358	594	2143	0	0	94	0	726	221	463	2	0	0	0	0	0	1482	0	0	0	0	0	0	0	2	0	0	0	36	0	3	0	0	0	156
sim_meta-71	149	0	12389	93	31	0	0	12	0	50	64	864	1	0	0	150	27	955	0	201	2868	2709	0	76	99	0	60	0	38	10	1	13	0	227	68	10	0	1514	2	0	728	2771	320	509	1610	0	14	235	0	649	586	502	4	0	1	0	0	0	1324	5	14	1	24	14	0	0	0	0	0	0	42	0	5	0	1	0	121
sim_meta-72	335	5	11483	8	24	0	7	3	4	40	55	886	36	0	0	188	26	910	0	180	2906	2486	0	74	125	13	87	0	17	28	5	16	0	161	86	7	0	1425	2	0	778	3043	312	886	1780	5	24	182	0	842	593	542	8	1	0	0	0	13	1411	15	0	0	12	3	8	1	2	0	0	2	40	0	16	2	3	0	98
sim_meta-73	289	7	12723	15	17	0	22	0	23	28	74	1025	66	0	2	109	47	706	0	202	2989	2673	0	0	32	65	64	0	51	114	22	10	0	116	218	10	0	1441	2	0	1424	3590	336	347	2186	21	25	267	0	814	651	482	28	1	0	0	0	39	1113	55	0	0	27	0	0	0	0	0	0	0	18	18	47	2	1	0	181
sim_meta-74	107	3	10051	1	13	0	0	0	0	21	19	626	22	0	0	184	25	819	0	191	2873	2696	0	117	165	0	77	0	3	0	0	8	0	101	48	11	0	1421	1	0	482	2233	343	748	1403	0	6	191	0	873	431	484	0	5	1	0	0	0	1501	22	0	0	40	0	0	0	0	0	0	0	30	0	0	0	1	1	116
sim_meta-75	173	0	9514	0	42	0	0	0	0	42	72	607	0	0	0	137	12	933	4	202	2650	2709	0	26	29	0	123	0	15	0	0	11	0	157	75	9	0	1407	0	0	463	3063	316	853	2154	0	17	225	0	551	87	367	0	0	0	0	0	0	1524	0	0	0	46	0	0	0	2	0	0	7	70	0	7	0	1	1	122
sim_meta-76	160	1	10541	1	36	0	0	0	0	27	44	532	0	6	0	147	38	928	0	221	2686	2367	0	52	74	0	60	0	11	0	0	0	0	146	38	10	0	1501	0	0	730	3347	321	727	2005	2	26	176	0	689	221	417	0	0	1	0	0	0	1804	1	0	0	33	0	0	0	0	0	0	3	23	0	0	0	2	1	201
sim_meta-77	230	1	10355	3	52	0	3	0	5	27	29	714	10	0	0	239	33	819	0	189	2626	2149	0	79	107	67	97	0	12	19	2	0	0	95	59	4	0	1427	3	0	488	3011	314	1178	1656	14	19	133	0	599	207	436	4	2	1	0	0	8	1408	11	0	1	30	0	0	0	0	0	0	0	92	0	1	1	1	4	129
sim_meta-78	214	4	11454	2	29	0	0	0	0	30	31	1051	9	0	1	141	25	823	5	199	2838	2740	0	31	44	47	118	0	55	173	27	23	0	90	191	18	2	1598	7	0	1040	2875	339	511	1763	34	4	193	2	1198	1144	604	14	1	0	0	2	18	1380	33	0	8	47	18	0	0	0	0	0	0	30	7	7	3	3	2	209
sim_meta-79	276	7	10342	7	19	0	8	0	11	48	71	812	24	0	0	142	26	847	0	213	3153	3026	0	53	73	46	63	0	44	49	11	8	0	159	106	16	3	1660	9	0	880	2674	326	494	1591	48	12	244	0	811	356	459	7	2	0	0	0	22	1510	24	0	4	33	6	0	0	3	1	0	0	104	5	21	0	0	0	113
sim_meta-8	301	5	13141	0	40	0	0	0	0	56	74	790	0	0	0	195	30	863	3	202	3006	2745	0	56	53	38	152	0	92	231	41	28	0	179	195	3	0	1526	9	0	1474	3436	308	753	1957	25	0	300	0	897	590	495	15	1	0	0	0	10	1495	13	0	0	31	16	0	0	0	0	0	0	29	0	38	7	0	0	108
sim_meta-80	216	3	10030	1	35	0	0	10	0	33	66	565	14	0	0	191	23	953	0	206	3300	2977	0	36	78	4	74	0	8	6	0	11	0	249	52	11	0	1368	1	0	477	3108	269	1081	2027	0	0	222	0	623	116	413	2	1	1	0	0	0	1437	20	0	0	3	24	0	0	0	0	2	0	19	0	2	0	1	0	106
sim_meta-81	195	4	13292	112	27	0	0	5	0	33	38	1984	0	0	0	246	39	770	0	180	2653	2955	0	28	36	0	122	0	119	60	7	23	0	225	64	5	0	1602	0	0	1396	3067	322	706	1850	0	9	292	15	1269	1660	823	3	0	0	0	0	0	1459	5	24	0	103	35	0	0	0	0	0	0	38	0	13	0	1	0	85
sim_meta-82	141	0	9374	0	30	0	0	5	0	23	22	275	12	0	1	191	62	1012	3	219	2725	2508	0	40	40	0	217	0	1	0	0	0	0	71	59	4	0	1233	0	0	487	3181	309	1170	2184	0	18	176	0	631	129	348	0	5	0	0	0	0	1891	1	0	0	13	0	0	0	0	0	0	0	4	2	0	0	0	1	125
sim_meta-83	212	2	8735	0	32	0	0	0	0	39	68	1071	2	6	0	261	19	754	0	201	2646	3299	0	19	35	0	147	0	7	0	0	0	0	135	37	13	0	1287	1	0	746	2660	330	648	1935	0	0	178	0	521	66	467	0	0	0	0	0	0	1667	9	0	2	55	0	0	0	0	0	0	0	0	2	0	0	0	0	59
sim_meta-84	625	7	15703	7	20	1	9	0	8	46	70	2948	17	0	0	208	43	788	1	190	2671	2244	0	34	49	27	125	0	126	168	31	47	0	97	206	11	0	1464	0	0	1118	3379	280	493	1867	111	18	218	3	1514	1663	983	12	0	0	0	0	19	1267	30	0	0	29	63	13	3	0	0	1	0	23	1	35	2	1	0	170
sim_meta-85	286	8	11630	0	10	0	0	0	0	60	67	1149	44	0	0	195	37	891	1	205	3092	2704	0	94	130	66	78	0	36	208	27	10	0	52	239	10	0	1745	7	0	1002	3343	277	517	1902	44	0	214	0	1280	1177	722	14	0	0	0	0	19	1605	43	0	0	23	18	0	0	4	0	0	0	42	0	2	4	2	0	138
sim_meta-86	168	0	10936	97	30	0	0	0	0	13	28	538	7	0	0	245	34	922	1	184	2707	2731	0	71	134	0	80	0	54	13	3	8	0	120	12	13	0	1387	0	0	813	3201	289	1053	2044	0	15	185	0	680	588	531	0	0	1	0	0	0	1607	6	16	0	72	5	0	0	0	0	0	0	5	0	1	0	0	0	101
sim_meta-87	339	0	11349	0	45	0	0	0	0	27	35	896	0	0	1	297	48	961	0	212	2167	2280	0	147	178	0	131	0	35	0	0	0	0	56	71	6	0	1433	1	0	560	2930	311	595	1964	0	62	132	0	1014	478	594	0	5	0	0	0	0	1344	2	0	0	40	0	0	0	0	0	0	0	6	3	0	0	2	0	206
sim_meta-88	129	0	8484	0	12	0	0	0	0	16	24	483	0	1	0	154	23	879	0	216	2581	2681	0	60	96	0	75	0	13	0	0	0	0	64	42	17	0	1390	0	0	400	2321	403	503	1566	0	34	147	0	644	144	362	0	1	4	0	0	0	1487	7	0	10	1	5	0	0	0	0	0	0	12	0	0	0	0	0	148
sim_meta-89	221	0	13045	113	14	0	0	0	0	30	74	1548	0	0	0	155	40	944	0	179	2413	2353	3	80	113	0	112	0	97	70	19	0	0	267	137	19	0	1427	15	0	923	3213	365	285	1657	10	30	211	0	1164	1631	852	0	16	5	0	0	87	1375	113	28	0	29	61	0	0	0	0	0	0	27	2	0	0	0	1	222
sim_meta-9	512	19	13546	22	48	0	56	0	49	37	42	1178	6	2	0	254	16	919	0	223	2501	2064	0	61	80	117	161	0	54	211	41	18	0	193	292	8	0	1495	3	0	1017	3287	377	938	2019	52	43	181	0	817	547	655	52	0	0	0	3	114	1722	111	0	0	6	0	0	0	0	0	0	0	25	0	93	7	1	0	222
sim_meta-90	206	0	11323	0	47	0	0	15	0	24	36	192	4	0	0	210	15	1124	6	197	2166	2118	0	109	157	0	74	0	0	0	0	0	0	149	27	4	0	1461	2	0	711	3162	327	1152	1771	0	22	218	0	659	164	370	0	0	3	0	0	0	1465	1	0	0	27	0	0	0	2	0	0	0	38	0	0	0	1	1	135
sim_meta-91	192	0	11326	0	21	0	0	0	0	51	91	1454	5	0	0	259	27	898	0	177	2747	2656	2	103	122	0	193	0	43	39	6	13	0	130	93	15	0	1580	1	0	719	2617	312	693	1498	6	14	211	3	1150	1038	831	0	3	1	0	0	28	1586	49	0	1	58	39	0	0	0	0	0	0	32	9	16	0	1	0	170
sim_meta-92	76	0	8592	2	1	0	0	0	0	27	39	752	35	0	0	29	5	846	8	258	4038	3165	0	5	8	0	21	13	13	31	7	49	0	54	28	10	0	1449	0	1	447	2167	340	197	1444	11	51	180	0	631	251	383	0	9	0	0	0	0	1021	0	0	4	51	0	0	0	0	0	0	2	23	6	0	0	0	0	124
sim_meta-93	245	29	15095	24	27	0	18	0	11	46	53	1708	25	0	0	159	49	838	0	204	3408	2954	0	62	115	132	67	0	86	392	64	14	0	161	460	0	0	1655	5	0	1496	3940	342	530	2012	71	20	182	0	1422	1841	845	40	1	0	0	0	82	1584	90	0	0	14	33	0	0	0	0	0	0	7	0	35	6	2	2	229
sim_meta-94	339	2	13527	10	37	0	0	3	0	31	43	1910	24	0	0	207	32	795	3	232	2890	2395	0	60	104	9	102	0	49	106	28	30	0	167	82	20	0	1626	2	0	749	3114	360	642	1685	65	18	239	0	979	756	700	18	2	0	0	6	25	1357	30	0	3	25	20	0	0	0	1	0	0	72	1	29	0	0	0	214
sim_meta-95	105	0	11844	0	12	0	0	1	0	34	51	1120	19	0	0	336	75	884	0	206	2581	2080	0	57	65	0	145	0	54	18	5	0	0	168	112	5	0	1389	0	0	612	2983	357	602	2076	0	36	218	0	761	256	536	0	0	4	0	0	0	1428	2	0	0	2	0	0	0	0	0	0	0	71	0	0	0	4	0	128
sim_meta-96	173	5	9963	18	13	0	0	27	0	46	53	810	43	0	2	77	21	714	0	263	3321	3121	0	0	0	0	50	0	6	94	25	7	0	155	96	6	0	1626	7	0	1014	2607	349	369	1507	17	13	186	0	912	604	501	23	0	1	0	0	61	1292	46	0	0	49	1	0	0	0	0	0	0	97	16	32	0	0	0	195
sim_meta-97	184	3	10320	0	14	0	0	0	0	38	36	1587	0	17	0	341	38	1108	0	242	2736	2456	0	100	93	0	113	0	66	0	0	29	0	58	15	19	0	1544	0	0	404	2253	321	621	1643	0	51	141	0	771	278	579	0	3	0	0	12	0	1193	5	0	4	0	0	0	0	0	0	0	0	31	0	0	0	1	0	141
sim_meta-98	150	0	11593	0	61	0	0	0	0	12	21	1204	1	0	0	231	42	887	4	178	2439	2033	0	85	75	26	107	3	21	58	7	14	0	81	50	2	0	1648	1	0	738	2849	295	1034	1599	0	19	146	4	922	675	636	0	2	0	0	0	0	1438	1	0	0	29	24	0	0	0	0	0	0	7	0	11	0	2	0	222
sim_meta-99	419	0	12966	2	28	0	0	2	0	43	41	1561	0	0	0	269	52	893	1	206	2471	2283	0	102	82	0	67	0	56	50	12	34	0	59	64	11	0	1520	0	0	441	3012	326	786	1735	95	6	102	0	853	605	698	0	0	0	0	10	0	1615	0	0	0	6	28	0	0	0	0	0	1	1	0	0	0	2	0	268
