sample	amglyccycl	arylpolyene	bacteriocin	blactam	bottromycin	butyrolactone	cyanobactin	ectoine	head_to_tail	hserlactone	indole	ladderane	lantipeptide	lassopeptide	linaridin	melanin	microcin	microviridin	nrps	nucleoside	oligosaccharide	other	otherks	phenazine	phosphoglycolipid	phosphonate	proteusin	PUFA	resorcinol	sactipeptide	siderophore	t1pks	t2pks	t3pks	terpene	thiopeptide	transatpks
sim_meta-1	0	42.123148	97.41375	0	0	0	0	15.89504	0	16.58258	0	0	55.48084	21.511007	0	0	0	2.72416	181.541912	0	0	57.906801	18.21650244	6.11886	0	8.09698	1.85198	0.00602244	11.82559	0	20.49465	167.851096	1.41034	32.482203	89.19459616	0	0
sim_meta-10	0	22.871628	91.9635008	0	0	38.79179	3.26851	17.15039	0	37.9637786	2.94017	12.82936	55.162282	39.382906	0	0	0	0	218.54383028	0.770621	0	78.227843	14.388033	0	1.49001	15.232072	0	4.189521	4.612318	2.1387	22.934323	96.72639428	12.75143	34.801953	111.7644898	0	27.20389
sim_meta-100	0	51.31510689	174.79415	0	0	14.096235	2.82781	27.39158	0	10.4690889	16.94846	18.07904	98.23888	14.96751	0	3.34041	0	17.12333	379.4881505	5.63543	21.27569	65.492121	25.650525	0	0	39.63611	0	5.226475	8.79355	0	80.63103	181.45893	27.41498	47.12667389	135.9263478	6.74991	43.58015
sim_meta-101	0	44.891796	80.04363995	0	0	5.40944	0	12.1314	1.55427	31.597413	1.08962	1.1654	32.89636	20.58207	0	2.07697	0	0	131.861747	5.99581	14.0901	63.4740108	23.4450389	3.63733	0	5.07537	0	0	6.254166	0	10.80135	84.1820179	0	54.357434	128.2688141	4.31802	4.39627
sim_meta-102	0	10.772023	101.029885	1.03959	0	5.630615	1.13224	22.120326	0	3.496961	1.796913	0.444918	16.91790904	10.763287	3.34595	3.50476	0	1.950615	164.98982292	0	1.84708	38.0384603	32.5399057	2.2269691	0	2.843165	0	0	0	0.524921	34.553783	70.4750363	5.397592	41.120337	111.02760486	0.956355	45.27633
sim_meta-103	0	41.56169	107.653291	1.76574	0	37.92254	1.13046	82.7581	0	15.684745	0	13.124	74.41561	1.61529	0	8.05047	0	0	176.953124	0	0	25.3935746	22.58806	0	0	14.785485	0	0	9.95742	0	73.9	93.30477	44.08994	33.78701	191.3763683	30.99214	4.16296
sim_meta-104	0	32.44043	77.968857	0	0	7.36659	0	25.096234	0	21.8886903	1.2484	0	18.274009	6.496997	0.719647	1.7731	0	0	108.66551	5.12292	12.5941	32.740477	12.327885	0	0	1.06505	0	0	2.6885	6.12916	29.783697	56.964023	0	46.22668	114.57545335	2.49298	3.03095
sim_meta-105	0	51.52762	172.55135	0	0	10.23176	0	5.29091	0	14.32283	7.57142	0	74.70525	14.28842	0	0	0	0	212.24713	11.7381	0	58.28779	28.45082	0	0	40.93053	0	0	6.06397	0	72.48118	110.32088	18.70067	19.33024	123.71502	10.46905	28.65418
sim_meta-106	0	39.55173	54.99135	0	0	0	17.6058	2.02079	0	52.59213	0	0	2.328381	0	0	0	0	20.10361	76.7394075	0	0	30.10702	20.0874592	0	0	12.4033	0	0.0118802	0	0	3.41527	72.3483732	0	19.3322303	182.25264175	5.62663	6.75756
sim_meta-107	0	27.5943128	93.345976	0	0	2.51667	0	28.77036765	0	22.64410569	2.94323	3.14734	47.6196	20.053265	0	0	9.301656	0	181.926729	3.45796	0	66.330518	18.99098	1.82247	0	19.22825	3.55293	0	7.9160278	0	35.310819	127.364435	5.94024	30.887186	112.601397	3.2116	10.361746
sim_meta-108	0	36.72964	54.32917	0	0	7.28479	0	15.72116	0	29.35593	0	14.79569	11.336119	21.0264	2.91993	0	0	2.74485	60.704174	0	0	30.408476	28.84386	0	0	0	0	0	2.62369	0	24.73971	30.86534	4.12702	18.18157	121.22089	0	8.18702
sim_meta-109	0	28.96822	75.00723043	0	0	6.8308	0	16.274908	0	10.022955	1.10967	0	0.0418778	11.706989	0	0	0	2.031147	95.732957	0	2.05536	46.190652	0.532497	1.03509	0	13.3262	0	0	46.10059	0	20.59948	36.650217	0	20.68652	90.47702874	0	40.67718
sim_meta-11	0	19.25594968	58.46122	0	0	0	11.0674	0	0	14.30504	0	0	8.11793	8.244239	0	0	0	11.70791	76.776499	0	0	46.54077	16.2273	0	0	0	0	0	3.26906	0	7.38846	47.4693	0	19.08303	150.31425797	0	20.53234
sim_meta-110	0	24.643553	102.371739	0	0	2.0253	1.80329	13.994533	0	44.981814	0	0	20.312351	21.806724	0	0	0	0	194.107969	0	0	54.596761	21.507375	5.07436	0	4.476045	2.64985	0	0	0	25.48567	107.012377	4.693188	25.819176	101.312067	3.0294	18.51019
sim_meta-111	0	32.22507861	72.3842169	0	0	0.545546	3.07729	8.78999651	0	17.868109	2.04638	0	34.855634	7.892689	0	0	0	14.44219	134.304068	0	0	48.697636	26.766398	0	0	22.1881	0	8.19346	9.220478	0	23.255967	73.0174059	0	27.902949	122.2765536	1.228171	13.47161
sim_meta-112	0	22.73918163	55.97701018	1.95861	0	17.5584	0.961829	0	0	20.19539	0	5.60916	65.81697	15.19872	0	0	0	0	88.7389897	14.7043	1.90535	37.5494	34.186967	0	0	0	0	0	10.29601	0	27.18225	71.4660993	29.0064	25.53848	106.6308886	7.66058	1.77713
sim_meta-113	0	10.510427	85.93951196	1.7013	0	0	0	11.802248	1.06237	19.055503	2.66921	0	20.63123	13.820197	0	0	0	0	103.715823	0	0	39.296964	7.22541329	0	1.22802	5.96049	0	0	4.50289	0	6.848286	54.01977499	1.70399	29.9688033	95.04265406	3.27799	14.83001
sim_meta-114	0	31.57669829	117.883442	0	2.88556	6.195004	0	8.500936	0.871232	24.4113862	4.66405	0.0866012	80.288277	8.9838449	0	0	0	7.4024	239.585432	0	15.4664	59.457391	13.978085	5.19486	0	3.74812	1.37732	0	12.467921	0	16.651368	194.925534	11.26419	29.827281	118.44676186	0.871232	11.88354
sim_meta-115	0	26.800936	77.826044	0	0	3.26728	0	9.366326	0	33.39162	0	4.20646	39.219882	13.112504	4.02023	0	0	0	132.730937	0	0	46.801664	21.117853	0.933693	0	2.472475	0	0.919896	8.26859	0	25.039782	85.276791	2.42367	33.57704	120.6730227	2.5032	16.16399
sim_meta-116	3.43445	13.790831	108.56150492	0	0	15.7612	0	3.0420581	0	17.544812	2.488582	1.85984	44.688393	6.761013	1.40804	0	0	16.870596	171.2013306	0	1.47529	100.776155	5.850749	0.522434	0	0	12.2283	0.819343	2.788653	0	26.937377	140.88603	1.66719	39.45717418	125.598605	1.58073	0.0412476
sim_meta-117	0	25.7410301	78.437220023	0.608374	0	4.60661457	0	15.74856	0	32.652219	2.02986	9.76732	46.167844	11.257441	0	0	6.97064	0	129.92676327	0	0	63.67781	16.3446622	0	0	17.42453	0	8.0948582	6.898552	0	37.014806	96.2901983	1.337979	35.42537	109.34059405	7.529007	21.693761
sim_meta-118	0	10.3455653	119.687108	0	0	56.01395	0	1.02082	0	23.4700577	8.96449	15.05794	110.98772	30.68047	0	0	0	10.0388	295.64451	0	33.6571	81.45193	12.59696	10.39826	0	7.08721	0	0	0	0	15.27078	230.210179	21.0055	31.77309	149.733555	0	14.676
sim_meta-119	0	36.79923	115.38130228	0	0	1.26798	0	19.60551	0	13.97991	7.59282	34.7968	25.17899	0	0	0	0	0	233.34741	0	0	21.735964	9.16715	0	0	23.78655	0	0	1.16544	0	39.333976	137.68234	0	52.46084	105.964242	5.95641	48.08297
sim_meta-12	0	29.87534	64.80283	3.85148	0	0	0	16.23111007	0	22.71302	0	0	31.7702184	15.09652	0	0	0	0	70.71226114	0	3.92582	7.11449	8.350411	0	0	19.05015	0	0	0	1.58209	18.14419	36.1804213	12.52918	33.88583	65.60473703	4.61783	0
sim_meta-120	1.47161	23.601301	105.51773868	3.99566	0	16.828286	2.22676	13.629162	0	6.08176	5.98537	14.23639	61.974496	1.27639	0	0	0	10.96645	272.283572	3.60829	4.89162	92.615528	14.79311	4.60148	0	1.335893	9.05461	0	2.176973	0	20.64202	228.572979	12.2835	38.050954	121.72391966	0.969717	0
sim_meta-121	0	48.997364	107.16688826	0	0	17.82763	0	34.3327547	0	18.17114308	0.993838	12.0647	39.086209	11.65134	0	3.77395	0	0	153.70947	0	0	43.00841	11.87774111	1.88105	0	7.25968	0	0.00534611	9.33684	0	39.15231	101.5880047	18.9966	28.95102134	157.74699171	13.5383	23.42127
sim_meta-122	0	18.8155705	64.24727014	3.52895	0	1.53869	6.96942	12.4771235	0	30.822897	2.659975	5.053316	24.332517	15.212308	1.91711	5.71563	0	15.87271	236.2037118	0	11.1025	37.710499	25.774065	1.70176	0	4.851425	0	5.753051	2.581457	1.296	21.42592	131.343103	2.76802	42.792794	128.599462	1.57641	17.2413
sim_meta-123	0	25.499079	97.8931182	0.806222	0	17.771475	0	0	0	23.660774	11.948348	0	80.279933	13.637863	0	0	0	6.35938	140.982005	0	0	70.0776258	21.791961	0	0	3.337324	0	0	25.512092	0	18.027772	92.910127	26.302276	24.677306	141.448856	1.01171	17.8764
sim_meta-124	0	53.37674	65.60479	6.55587	0	3.52635	0	12.10351	0	7.3860708	8.17058	14.20031	51.542474	13.21747	3.55049	12.38173	0	0	226.83852	11.6531	15.7409	72.840402	39.05591	0	0	0	0	12.9167	4.15252	0	61.43313	122.841967	26.60327	31.66714	136.169391	3.10085	0
sim_meta-125	0	13.3658207	119.09740495	3.01049	0	1.45209	0	19.46782166	0	33.88403638	2.38451	1.12772	23.707828	5.94522	1.55886	5.61799	0	2.84227	128.0440057	0	9.19893	48.734616	22.4002653	7.99739	0	0.87216	0	4.3799493	1.357004	1.34769	31.41317938	83.83367345	4.96048	16.630998	110.724289	4.66951	2.73279
sim_meta-126	2.215	26.68770925	138.7911824	0	0	12.52072	0	15.9749477	0	35.218824	3.76218	1.231145	36.771435	10.79154	0	0.550454	0	10.00887	169.12117619	0	0	56.776966	9.916811	3.09835	0	7.731995	9.091466	0	19.64616	0.958623	28.614897	96.626473	2.847355	20.722117	121.132255834	3.21405	7.23426
sim_meta-127	0	42.09137	93.1057927	0	0	14.108525	0	4.3135	0	19.57131	1.19593	3.47781	57.83532	29.43253	3.37388	0	0	0	164.860491	0	0	81.82993	17.16546	0	0	11.95067	0	0	27.26182	1.9559	40.76135	113.86773	6.30202	35.28711	86.4618708	4.0384	28.24702
sim_meta-128	1.62852	24.359359	102.69807159	5.8751	0	17.56896	0	13.721878	0	25.1951523	5.40095	17.41859	49.580803	8.890983	0	0	0	15.05757	246.5481699	0	0	73.296036	2.9923194	0	1.63634	2.967908	9.83317	0.0170924	7.25329	0	12.291631	135.3330628	12.72834	28.339997	126.276095	0.214928	6.45604
sim_meta-129	0	65.700737	117.76564	0	0	0	0	4.72916	0	7.972118	17.29283	17.6534	86.102	21.58115	0	0	0	0	254.73616	17.6534	23.9125	110.607	14.76124	3.51337	0	5.84097	0	1.94564	1.90903	0	26.93413	243.262966	40.04038	52.490379	142.329196	0	0
sim_meta-13	0	27.7913449	77.21822365	7.10404	0	3.00263	0	34.221764	0	43.038952	10.57461	4.7401746	57.3353486	13.2979708	5.65172	12.72445	0	0	175.41805938	0	9.42584	77.37165858	11.73471007	0	0	2.496369	0	0	6.44776384	0	32.78825	101.44880045	15.65486	27.16631596	117.99085534	2.78505	9.279627
sim_meta-130	0	41.25696428	74.7245839	0	0	2.20206	0	15.163807	0	17.349877	8.866799	18.944418	33.7742157	18.993909	0.191815	0	0	0	121.1402753	0.771258	0	34.341076	46.685873	5.603066	0	5.448148	1.49843	1.03512	16.362947	0	16.154562	69.600099	5.682	32.987156	140.56393328	3.746182	11.60341
sim_meta-131	0	44.960869	54.1048569	0	0	0	0	10.58023	0	14.869244	0	6.77367	16.15211	11.885851	0	0	0	0	67.5290359	0	0	22.59269	20.92228	2.99851	0	0	0	0	18.28713	0	17.408681	59.71048	0	20.66159	86.780336	0	9.18727
sim_meta-132	0	39.889334	95.82329	0	0	13.310569	0	14.146281	0	16.235514	8.494936	13.28999	57.572251	21.0118664	0	1.12814	0	0.834389	109.50975	5.56791	12.777403	66.830177	26.194268	6.524234	0	6.86887	6.92306	2.49968	4.21315	0	29.171902	65.523844	24.57555	39.536412	133.939728	5.39886	6.71693
sim_meta-133	3.46555	31.017367	138.02119189	0	0	27.85562	0	20.263645	0	18.84614	1.52585	9.36623	67.11304	15.665334	0	4.67111	0	6.05311	211.120238	0	0	51.839897	6.627134	0	0	22.6097	4.86002	0	9.008944	0	24.048576	117.274914	6.83203	26.145481	145.080998	4.472468	12.55192
sim_meta-134	0	36.1325443	67.5315	0	0	0	0	5.24112	0	51.77248	4.40667	12.5218	0	16.45343	0	0	0	0	71.38678	0	0	41.12058	0	0	0	1.67629	0	0	0	0	20.86792	17.21142	0	6.0941443	85.09481836	0	0
sim_meta-135	4.52599	25.119372	85.454093	0	0	1.45313	0	22.74054	0	28.12179	15.60275	2.93865	34.602498	18.08722	0	2.68588	0	0	77.579911	0	11.7296	33.839865	6.41625	1.73587	0	2.244868	0	0	6.98115	0	23.214045	65.845537	11.4469	36.45917	127.267559	0	11.81037
sim_meta-136	0.775914	52.27011769	68.7163163	7.2404	0	4.37133	0	17.10802	0	4.15148	2.74216	6.78387	19.112342	9.43978	0	0	0	0	175.24660429	15.73144	6.78108	72.360941	42.25268	0	2.52067	10.499412	0	20.80822	18.03163	0	42.37445	51.8744265	17.17035	34.429152	122.190115	12.25171	9.94965
sim_meta-137	0	36.527251	87.333102	0	2.23319	2.19965	7.27068	11.055898	0	24.84055661	14.9954	3.45798	11.00034	7.979853	0	0	0	7.98867	74.008274	0	0	25.350142	15.61349	0	0	0.836199	0	0	5.53458	0	23.042055	32.8727962	0	25.070521	120.415778	0.630378	0
sim_meta-138	0	35.405253	55.82410506	0	0	7.94148	1.65449	9.360916	1.9813	24.6242297	0	21.71003135	24.304881	6.8717	0	0	0	0	70.754486	1.03078	0	36.1539	12.185759	0	1.83057	0.726251	0	0.862889	10.86861	0	24.377083	30.518929	0	33.60994	104.33719135	1.9813	2.30308
sim_meta-139	0	42.5213738	86.550982	0	0	0	3.48644	16.9148895	0	18.552888	3.930111	5.574631	18.475194	18.14365	0	0	6.395791	1.65463	115.07627889	5.17281	7.04436	33.830332	29.456067	0	0	6.781033	0	5.94666	1.4578	0	20.104925	58.574568	12.95883	24.82414397	90.634493	0	8.04377
sim_meta-14	3.26188	17.45525	65.15993399	0	0	0	0.741489	20.00411	0	27.350889	11.14975	11.3244	39.29867	7.615886	0	3.1118	0	0	118.271254	0	10.9603	62.932491	9.468697	0	0	4.89564	0	0	4.92216	0	25.6783	58.758104	20.04719	34.25588	128.818458	0	9.2394
sim_meta-140	0	18.451614	57.9070695	0	0	2.42347	0	15.955111	0	28.15334471	7.35164	2.65647	9.644195	19.788166	0.305936	0	0	0	108.243468	0	0	42.662473	6.619178	0	0	4.049553	0	2.01346	17.621738	0.63945	18.4188044	46.682484	0	12.590685	106.49822	0	11.1271
sim_meta-141	0	39.276607	99.85356	0	0	4.27068	4.420236	8.527218	0	47.341397	0	5.09072	50.23977	11.682072	1.91402	0	0	1.92419	158.2849399	0	0	55.304412	12.9521811	0	0	20.31239	1.49548	0.0336481	4.63291	0	44.291886	96.907641	0.602293	18.307846	100.8704484	3.08363	31.034619
sim_meta-142	0	37.78907583	107.34253633	0	0.141459	6.193658	4.53533	12.23400817	1.93982	27.89016639	1.91535	18.78964	31.710075	12.358079	0	4.28552	6.24289	0	101.54547	0	0	48.621737	19.572738	0	0	6.78033	0	1.01068	8.358717	0	17.055998	55.42809	6.41981	13.51123	117.77591215	5.68548	15.302118
sim_meta-143	1.08034	44.077712	114.4155031	0	0	11.55039	0	20.5933058	0	25.793164	3.287661	17.73279	50.9626101	4.530722	1.56994	0	0	6.94248	172.7379593	0	2.71684	75.275535	20.184588	0	0	7.161566	4.50864	2.42911	11.890628	0	19.6093816	97.282088	14.920309	34.021396	135.453829	0	26.3242
sim_meta-144	1.82882	27.1599	43.83785389	6.46412	0	4.67935	0	2.087593	0	51.09467	7.81271	0	0	38.55164	2.98953	0	0	0	121.9212256	16.0962	0	44.23457	10.9688	0	4.02276	3.09667	0	10.9688	19.0233	1.90107	17.68411	26.74524	10.3057	24.86934	104.0159958	0	0
sim_meta-145	0	20.3067141	90.80905062	1.43473	0	7.11218	2.16468	26.78183	0	19.639964	4.6908	0	42.9426287	10.881875	0	1.75329	0	0	116.287935	5.31268	13.88814	26.930183	9.710291	0	0	1.10034	0	0	8.79867	0	40.143789	72.165935	10.365427	38.2182995	146.46162701	4.33831	0
sim_meta-146	0	37.10768	85.29882931	0	0	13.2586	0	20.122816	0	20.7988972	0	3.61535	43.43792	5.15221	0	7.67095	0	0	284.603634	0	0	95.2270218	7.82021	4.85394	0	3.3368	0	0	9.90639	0.00819336	25.488615	186.25589	4.49204	44.96978	103.2774744	3.967	4.67712
sim_meta-147	0	12.1703475	100.325128	0	0	0	0	25.894488	0	16.446993	7.01006	7.12651	48.02324	15.36974	0	0	0	0	145.620686	0	0	50.621689	23.84036	4.94034	0	2.666566	3.845276	0	0.0216269	7.86431	24.865537	108.094073	4.41591	54.980066	94.3338219	4.89758	25.2553
sim_meta-148	0	17.0609	70.468205	0	0	0	0	65.34523	0	14.049831	0	0	131.59793	4.24336	28.31625	28.5998	0	0	243.2064	0	2.6481	132.906	19.086989	11.9747	0	0	0	0	0	0	25.30887	151.57702	31.05233	30.28692	234.163917	0	6.22335
sim_meta-149	0	22.2036434	96.8169637	0	0	2.910624	1.11532	20.997138	2.16587	41.366975	0	0	26.717796	3.73102	0	0	0	0	162.074943	0.195683	0	54.793897	13.851288	9.907582	0.372276	20.927708	0	6.787988	0.882628	4.610379	34.659688	87.05824	0	12.8011794	68.8150652	5.93905	20.62212
sim_meta-15	0	28.45319251	113.04770732	0	0	8.61481	1.9123	18.307694	0	27.2447554	7.82595	0.658661	55.48499251	9.801595	0	2.74628	0	2.57615	94.685475	0	10.1423	65.358124	4.574189	1.54675	0	0.861558	0	0	5.01520816	1.79959	13.282492	88.531216	18.207471	29.2439	107.5970978	1.70408	10.95104
sim_meta-150	2.36858	0	83.51673	10.9932	0	7.20313	0	0	0	37.83921	0	0	15.70952	5.04747608	0	0	0	0	224.9255	24.6327	0	80.11258	31.42638	0	6.47641	0	0	17.2567	29.7029	0	10.2671	33.75375	15.0493	27.10141	55.90092	0	57.40834
sim_meta-16	0	41.12557261	77.7298091	0	2.05912	11.73675	2.84468	20.9897479	0	32.29401236	5.966574	10.91345	25.554727	13.715152	0	7.35338	0	5.39818	170.63673664	0	2.17586	52.911369	15.758134	0	0	4.170461	1.07227	2.410113	18.61381371	0	17.26777	81.90513664	6.75248	35.455231	141.769606	8.03866	13.07101
sim_meta-17	3.67428	34.67444	83.553299	4.07287	0	2.60141	0	8.732614	0	18.386505	11.44937	2.31199	32.52141376	17.47943	0	0	0	0	214.814414	9.48781	0	74.0929141	22.18163	0	2.45297	0	0	7.4922	17.91293	0	26.131552	58.194518	6.1043	38.111645	71.759862	5.668428	68.09188
sim_meta-18	0	34.770026	74.16729773	0	0	3.751915	2.71726	22.428618	0	39.082881	9.19955	14.56775	21.669074	12.1943538	0	0	0	9.61101	101.42229541	0	1.96644	37.630666	29.68278	2.66618	0	1.07963	1.83524	0.995491	4.71923442	0	29.682599	75.12195161	4.40717	34.537916	175.25706739	2.78323	14.58006
sim_meta-19	1.48069	89.14138	111.36022	9.77774	0	9.93928	0	3.74327	0	35.19195	0	0	3.0735939	0	0	0	0	0	197.39476	20.729	0	28.25426	31.31049192	0	5.28375	15.08842	0	22.60011192	34.20617	5.65254	15.11227	47.47792192	12.5668	11.9273553	103.375586915	3.02999	13.63638
sim_meta-2	0	25.79755	57.698156	0	0	4.20183	0	8.23178	0	14.412904	0	0	33.618804	5.493779	0	0	0	6.42566	34.477297	0	0	18.12813	13.65911	0	0	1.0195	0	0	3.59949	0	23.44851	50.930825	11.17807	18.96941	120.0977688	0	0
sim_meta-20	0	27.64516786	76.45220097	0	0	0	4.97343	4.3166299	0	30.061801	0	2.1653487	16.6883954	0	0	0	0	12.3135	113.50937906	0	0	41.604357	21.533453	0.729823	0	4.709507	0	11.2412	7.8142708	0	33.923262	50.26175506	0	17.929105	127.5990765	0	3.947873
sim_meta-21	0	39.7452451	74.9841402	0	0	2.26504	0.850365	27.189789	2.30051	27.904429	7.42112	1.96394	29.052747	10.918421	0	2.0317	0	2.82835	80.009973	0	7.99127	41.508525	15.94	0	0	9.676441	0	8.45055	15.126904	0	27.0775656	58.986815	8.658317	26.095214	111.6418342	2.981234	8.39453
sim_meta-22	0	24.006605	158.891177	0	0	25.1888	0	25.44773	0	29.424802	1.6582	5.43835	125.50453	23.09346	7.22532	8.23749	0	5.04298	264.524654	12.86788	0	70.244854	35.12997	3.00436	0	40.95839	0	0	9.06934	0	49.336646	139.9584	31.75841	40.92347	134.678232	10.13464	37.19343
sim_meta-23	0	35.64404343	114.48252962	0	0	16.55557	5.417	24.66853	0	36.8696719	4.553718	23.38497	58.92867	28.36226	0.969599	0	0	4.969544	184.775933	0	2.15186	59.736254	52.897861	6.027781	0	15.981292	2.88425	5.61887	4.803668	0	35.0457298	138.429952	11.13179	41.0597181	153.30944489	4.81431	11.46425
sim_meta-24	0	59.5578813	34.863413	0	0	0	0	5.64508	0	26.248492	0	0	75.432607	36.8646	0	0	0	0	80.709311	0	0	32.747275	30.892048	0	0	0.640632	0	0	31.27455	0.84531	19.661762	15.4231	0	43.989654	113.043851	5.12189	26.61427
sim_meta-25	0	24.47904	62.25773114	0	0	0	0	25.19018502	0	30.274075	2.24844	0	30.29054941	5.34528	4.28829	4.66346	0	0	89.176325473	0	0	53.0747526	2.25387	1.8112921	0	1.9128	0	0	0	0	4.334301	24.4350537	3.72204	37.445692	103.89327858	0	2.5574
sim_meta-26	0	89.56011	39.46599	0	0	0	0	0	0	11.55696	0	36.1972	1.06038	4.5794	0	0	0	0	92.46901	0	0	45.57141	4.26417	0	0	0	0	0	0	0	0	31.87311	0	22.8390282	94.1787086	0	0
sim_meta-27	0	32.3952678	109.70394286	0	0	4.89151	0	13.7186241	0	43.1445068	3.268457	10.068831	50.62038856	10.176614	0	0	0	2.59016	192.189334813	0	0	71.0217085	16.2741846	2.666281	0	7.130997	0	0.0310885	7.1089831	0	28.604149	158.84575954	9.34178	25.3885747	133.23764136	0	9.984442
sim_meta-28	17.256	11.466404	180.68340603	0	0	42.24395	0	19.04548	0	24.19817	5.33708	0	82.60227	4.75383	0	3.40938	0	30.68786	351.9035	9.7519	23.4131	83.95051	7.52182	0	0	0	26.77075	0	1.00055	0	23.59703	278.97348	0	67.19833	197.6957925	4.85171	0
sim_meta-29	0	47.613808	51.960276	0	0	4.80676	0	7.91432	0	10.07467	0	0	45.91003	2.59873	0	0	0	0	202.5254994	0	0	50.78452	5.4844	5.20582	0	0.957352	0	0	12.84996	0	14.93195	160.850426	2.98506	30.17492	108.536694	0	0
sim_meta-3	0	41.1233009	72.66006	0	0	0	9.22295	9.62402	0	4.071675	4.88899	4.29359	50.46144	10.8978237	0	0	0	9.87207	47.35344828	0	0	56.95243	57.39321504	0	0	3.2723	0	0	8.2218015	0	32.190085	79.34987632	9.31306	29.9318976	205.21501647	0	3.20747
sim_meta-30	0	65.25511	130.351097	7.96892	0	13.86725	0	52.26286	0	20.44664	8.9103	23.79944	78.0377	9.4006	0	14.37536	0	0	145.9470981	0	0	58.0938837	3.4002	0	0	8.03534	0	0	34.74648	0	30.06358	93.7966474	17.63321	34.69499	141.301868	7.00486	0
sim_meta-31	0	32.291113	105.48379888	6.09958	0	0	0	18.700649	0	27.0308922	1.46048	7.270715	80.594478	8.584679	8.85676	7.80227	0	0	214.6769467	0	6.89266	47.396583	35.718597	3.48228	0	0	0	2.72283	11.2156	0	26.5475567	103.8980458	25.381335	53.770252	150.266081	5.37397	31.67281
sim_meta-32	0	39.0216501	90.206126	0	0	1.541079	1.75051	14.593837	0	22.951478	3.09862	2.5386	45.1373272	7.88076	0	0	0	6.40364	142.145081	0	21.6317	38.648999	24.894599	3.25345	0	6.12479	0	0	22.06473	0	9.139834	119.765141	0	18.390425	125.31146701	0	8.23402
sim_meta-33	0	30.4920542	118.549728	0	3.13691	4.5395	9.61633	6.978838	0	16.845972	14.9138	5.05519	57.722956	0	0	0	0	9.9237	263.515663	0	0	83.933811	23.41202	10.78145	0	4.95059	0	0	5.25977	0	13.70376	235.509905	0	40.40633	128.369222	0	0
sim_meta-34	3.54537	25.62837808	60.662276	0	0	7.594067	6.43393	11.1616668	0	27.270891	0	0.767341	25.824796	7.20784	2.41569	0	0	11.329192	75.8641469	0	0	20.922716	14.457537	0	0	1.29512	3.0981	0	2.91222	0	34.693501	51.653794	0	23.033201	112.72987038	0	4.6815
sim_meta-35	3.15327	23.420373	124.408084	0	1.54792	13.90182	6.0595	20.30048	0	8.20665	5.10386	4.79067	67.634146	22.930191	0	5.969595	0	9.79984	256.339344	2.5289	6.97798	64.796519	31.09866	5.54067	0	24.460444	7.98969	0	3.559094	0	35.12467	182.705368	8.85934	67.123307	107.971496	11.12608	15.26148
sim_meta-36	0	23.6058	96.31087129	0	0	0.735351	0.0258447	17.596279	0	15.655841	3.97224	10.65031	32.188952	7.77229	0	1.81566	0	0	200.2618083	0	7.43916	47.492999	33.703986	0	0	6.558698	0	7.073695	10.52166	0	32.76999	81.846069	7.64138	32.747159	75.988789056	3.199791	35.20337
sim_meta-37	0	46.7948345	95.18983772	3.15476	0	20.68666	0.644183	30.460394	0	52.77394568	1.72591	43.52869	69.066858	30.826447	2.37266	8.718257	0	0	213.436495	7.18073	3.25142	86.896293	43.377079	6.24376	0	5.915823	2.57951	0	6.3433575	0	61.55414	146.239789	29.665009	30.626745	150.018925	14.26518	26.95021
sim_meta-38	0	22.5747842	65.1897882	0	0	1.67158	4.90287	9.1026447	0	30.8439734	21.46207	7.18292	22.6597	17.55467	0	0	0	8.53733	70.441954	4.16895	5.54974	27.84462	11.62984	0	0	3.21729	0.989223	2.15898	14.34364	0	17.99598	54.0195745	7.38866	29.927721	154.378724	0	0
sim_meta-39	4.11274	14.61290021	46.42649768	0	0	3.36324	0	25.297454	0	45.974417	12.5599	0	3.483363	24.293591	0	0	0	0	80.702232	1.00655	0	40.249857	25.086516	1.78765	1.83238	4.20432	0	0.834591	5.311122	0	9.476163	50.463237	0	39.12175143	70.4325006	0	17.58892
sim_meta-4	0	29.881175	150.407279	4.52909	0	0	3.66119	5.066774	1.90369	24.647817	10.8314	6.73986	63.137401	2.222732	0	0	0	0	204.2161954	0	4.81054	30.748381817	21.960726	0.997172	0	24.275518	0	1.10169	0	3.52869	48.8722	96.297106	14.30879	41.292309	99.517072	13.74079	28.01613
sim_meta-40	0.598964	29.51432561	82.08563202	1.763912	0	12.495572	3.07256	23.165698	0	10.455089	4.068118	11.31482	49.043775	8.26192	0	9.03694	0	0	171.03259698	2.04267	0	62.351806	34.503966	0.533308	0.556242	8.712107	1.968222	1.50631	8.51984	0	30.391837	102.782214	16.144575	43.255239	140.92622102	9.12403	18.32019
sim_meta-41	3.20896	27.1616221	99.567269	0	0	3.08726	0	11.027806	0	15.245716	16.208338	34.7091	9.42962	3.117007	0.451271	0	0	2.558411	33.381362	0	2.62414	37.449751	4.6162283	0.932287	0	0	0	0	0	16.39028	29.811127	12.914418	0	35.879455	79.90618315	4.36624	4.09516
sim_meta-42	0	53.5812616	62.0319084	1.03906	0	4.085683	0	26.604614	0.956834	43.973782	2.646323	4.735662	27.3459402	17.96521	0.886993	2.0568	7.840409	0	102.9468618	2.53829	1.758722	42.306507	18.985526	6.38826	0	2.0916	0	0	8.003703	0	22.932483	39.406285	8.562373	37.713862	106.3421968	7.116996	11.10448
sim_meta-43	2.11486	14.252794	147.846219	0	0	47.70051	0	2.0089859	0	16.42679865	2.99193	6.19597	96.830376	22.268239	0	0	0	21.8734	249.31969	0	0	77.93356	14.170521	1.0736	0	12.513367	18.4624	0	5.76313	0	31.274561	175.72246336	12.50519	32.379799	150.375209	0	6.18759
sim_meta-44	0	36.308306	79.27732902	0	0	9.78544	0	17.519012	0	9.596376	0	5.89293527	48.7306762	22.21037039	2.12652	0	0	0	68.051491	0	0	52.650101	31.4070159	9.36762	0	0	4.6985	1.513	9.86492215	0	25.993733	44.523007	10.662783	32.027097	117.9286675	9.21226	2.092362
sim_meta-45	0.198286	40.03428473	112.33345975	1.23402	0	37.7501	2.17851	16.839455	0	22.9388542	5.39576	1.91432	38.002465	9.97977	6.02897	3.97838	0	16.387	168.3410503	0	0	56.840297	9.641511	0	0	8.03231	7.46175	0.923361	19.04895	0	22.792946	116.1885764	4.05548	28.330201	123.15095574	4.13132	4.42207
sim_meta-46	0	18.11587	116.555515	0	0	1.41071	10.5545	17.5236	0	40.109363	4.51659	13.54646	36.88875	21.00399	0.673488	0	0	29.642	125.777808	0	0	52.22814	14.97249	0	0	1.76621	0.802645	0	11.80917	0	19.04253	114.175678	31.55541	39.84415	186.028812	0	7.40623
sim_meta-47	0	29.6199967	84.94858258	0	0	23.077967	0	13.929062	0	22.71740763	3.44094	7.22991	35.6658205	15.809463	0	0	0	2.26346	104.50476783	4.6107	0	51.814283	7.757283	0	0	8.134651	0	0	7.081491	0	25.51721	54.5452081	5.27508	14.6863663	90.10333301	2.259998	13.228089
sim_meta-48	1.09414	28.133829	135.019128	0.943428	0	0.730921	2.36665	12.12606	0	24.062453	2.43123	0	43.71956	12.645418	7.36837	0	0	0	220.894388	2.37343	0	74.476655	14.39752888	1.97416	0.491438	5.53137	0	1.58795	10.39483	0	39.708679	178.60746648	4.87137	28.235333	110.7361746	3.54598	22.58922
sim_meta-49	0	36.734226	83.217112	1.2487	0	0	0	27.003315	0	42.645189	1.75789	2.98861	23.97275	6.30136	0	0	9.49279	2.841761	120.971419	0	2.79928	52.050685	11.074965	2.87378	0.887558	1.12862	0	0.99145	5.43163	0	19.224586	99.25447	1.26078	16.41557	122.170128	0	2.85414
sim_meta-5	9.43058	24.55408311	84.39609705	0	0	16.6872	9.97136	7.4294204	0	16.642989	0	0	50.7568	13.733542	0	0	0	22.01136	156.83543	0	0	52.755713	3.8904464	0	0	0	12.9955	0	0.00518311	0	9.15595	120.402382	0	34.78081	155.981582	0	0
sim_meta-50	0	33.0032775	83.18056963	0	0	5.86164	2.61192	16.95725	0	21.5042	16.89171	2.64077	51.833085	7.80382	0	1.86141	0	2.83684	156.682601	0.747952	7.09026	65.003831	16.235132	5.49323	1.64031	2.375809	1.02326	0.754919	18.020981	0	18.584786	86.387907	6.83037	31.5312741	89.20352508	0	38.4173
sim_meta-51	0	35.4219205	58.36612607	0	0	4.85248	0	11.73568	0	18.586415	0	0.16864188	9.695826	3.899418	0	0	6.68526	4.67805	37.18056277	0	0	41.407928	15.32545	0	0	1.69206	0	0	10.4260992	0	18.61623454	29.25508158	0.161348	25.2433085	118.37911424	0.590967	4.10769
sim_meta-52	5.06141	8.27687917	49.61834	6.31958	0	4.36446	8.77846	27.77103	0	29.54397	1.00886	0	1.31149	0	0	0	0	0	148.271924	14.1575	0	20.49651	24.917323	0	3.76548	1.2205	0	10.088	20.05314	0	22.827	33.251797	9.12575	16.8607	74.602112	0	7.72771
sim_meta-53	0	40.839549	73.62257	4.67307	0	4.00116	0	21.84903	0	21.69574	0	4.796592	53.35894	7.329029	3.19004	9.01922	0	0	194.709528	0	0	75.469852	16.03293	1.66982	0	0.923566	2.029917	0	8.747593	2.55662	25.26405	137.88595	9.50805	34.693605	104.298926	2.38171	2.769417
sim_meta-54	0	20.537327	84.9616347	5.68212	0	4.386367	2.63044	20.200265	0	19.3294342	0.891969	3.000349	74.83944	10.969273	5.799669	12.034862	0	2.029341	311.788543	1.39755	3.24178	72.638749	27.70585	5.917067	0	7.775319	0.864404	0	5.94505	0	27.3576169	215.40437934	10.692186	71.39767	128.4166915	5.122105	20.39472
sim_meta-55	5.52324	13.3481473	82.91101381	2.25833	0	10.35018	6.42202	35.248801	0	24.159711	7.57334	2.89507	63.494999	3.65715	3.21229	5.87244	0	6.299441	199.71927949	5.48773	7.7602	49.8015821	33.72380424	2.71059	1.39658	6.759475	0	4.13186	10.75525	0	37.8163	127.59541043	18.78472	41.7712477	136.63929454	8.69234	14.87245
sim_meta-56	4.3063	51.1487808	77.25183106	3.27027	0	1.84097	0	17.647619	0	38.533696	14.5389	1.30346	13.266881	7.63109	4.07925	6.1491	0	0	137.293939	0	0	41.092766	29.73834	3.98899	0	16.31649	14.10697	0	15.07483	0	29.10405	77.155206	3.03883	19.502624	107.07869	2.094901	18.80939
sim_meta-57	0	46.605996	95.727633	0	0	9.84539	4.74372	13.355614	0	14.348215	8.29581	17.86768	35.12579	0.532303	3.12122	6.01779	0	0	194.639385	0	2.27446	60.60584	24.06538	1.33313	0	9.83037	0	12.7785	7.90367	0	53.47887	56.28143	16.29722	26.62994	116.641294	8.29962	0
sim_meta-58	0	18.36677	67.9006659	0	0	0	5.36618	16.95632	0	23.156423	3.21236	0	45.416344	3.99892	0	0	0	7.91282	82.7880039	0	0	48.818497	15.00119	0	0	12.083657	0	0	17.654663	0	15.01983	48.029989	0	6.64504	127.314409	0	0
sim_meta-59	0	36.66701	60.35266	0	0	0	7.18882	11.03987	0	3.23262	1.89146	1.91352	28.58442	15.80498	0	0	0	21.5446	94.73449	0	0	17.81083	10.93465	0	0	0	0	5.2417	0	0	31.75352	71.36796	0	40.03286	91.56424	0	7.25051
sim_meta-6	2.08396	29.197021	52.4076253	0	0	0	0	10.297288	0	45.148081	10.342448	0	29.81284	1.927379	0	0	0	4.64692	39.56463363	0	0	44.330117	30.78187	1.69934	0	11.36366	3.960342	0	3.820378	2.00282	15.710079	42.86372	0	28.376774	113.7123803	0	1.57213
sim_meta-60	0	31.6919099	116.78583039	1.52829	0	22.89516	1.79903	4.27055183	0	24.0371643	1.82143	37.93642	36.333956	11.703897	0	0	0	0	147.16329753	0	0	41.5921289	13.2618188	5.48673	1.27337	2.49906	0	0	7.753231	0	40.317483	47.5289713	6.43769	27.2789815	74.12596112	1.5766	22.7533
sim_meta-61	0	10.631944	90.656908	0	0	30.09696	0	4.4059753	4.27806	3.5916946	7.45407	5.70665	74.810835	16.903617	0	0	0	4.38066	121.910504	0	0	60.921598	5.866611	2.23257	0	3.89471	0	0	0.935428	0.238504	10.50084	78.676312	18.21627	17.193913	104.4696312	4.27806	5.965171
sim_meta-62	0	10.65977892	121.7937204	0	0	4.951875	11.16074	16.5567547	0	18.0304	3.31153	5.5938	70.86684	18.1494277	0	2.612977	0	4.07149	193.79641	9.22613	12.00489	57.309073	57.172625	0	0	16.65779	1.06328	0	32.160627	0	23.1355726	186.173331	21.78186	64.494077	145.69440272	4.1639	11.56633
sim_meta-63	0	30.67360514	53.3395457	2.08838	0.18539	6.59336	0	12.2414996	0	26.5391936	1.92493	9.90198526	7.128006	13.36348787	0	0	0	0	47.157933	0	0	41.1017913	26.4287366	0	0	1.1644	0	0	3.12412802	0	12.9709333	57.4752856	1.92423	34.549578	95.79529369	1.01936	13.42382
sim_meta-64	4.17126	18.811571	113.306317	9.10697	0	31.88049	0	13.54316	0	14.51496	0	3.62298	72.61462	7.8955	5.81305	18.5159	0	14.57748	330.963517	0	0	119.46706	21.13309	0	0	12.6164	12.5336	0	0	0	32.47081	201.72153	8.9769	55.24436	123.924875	4.84744	6.78179
sim_meta-65	0	14.1716456	91.453134	1.93891	0	17.88014	0	1.55486	0	12.33736161	0	2.71421	76.439534	12.079122	0	0	0	8.10743	237.201228	0	0	76.5498322	24.930301	11.21755	0	0.578252	2.87417	0	0	2.93764	15.64485	211.917815	9.83682	38.96275	111.775777	7.50684	0
sim_meta-66	0	34.33714085	70.37610575	2.2321	0	2.643138	3.59318	9.1641391	0	17.441589	3.52588	8.4060853	9.962056	8.082759	0	0	0	0	77.4356434	1.39881	1.07592	36.34624	2.9674593	0	1.38182	24.070829	0	0.434417	4.57166	1.17188	12.3558648	38.4778707	6.219578	19.76685321	92.56288104	1.50654	10.716
sim_meta-67	1.15907	38.840951	55.54543954	0	0	4.35063	0.878407	17.7785288	0	30.436098	14.26372	3.76602	45.95422	13.203865	0	1.91999	11.10987	2.14798	101.785192	8.09249	12.41663	52.969666	18.241385	0	2.00535	0	0	1.148725	6.43464	1.5119	21.909202	71.178824	19.17171	21.57133713	118.24464072	1.21682	9.95948
sim_meta-68	0	37.79873	58.856355	0	0	2.97221	1.92873	18.7705	0	30.819915	0	2.47463	16.2808	15.79756	0	0	0	0	96.649675	0	0	41.835031	18.13444	0	0	4.14067	0	4.25458	2.70278	1.23243	16.60427	54.667282	7.74651	28.14952	112.7677736	3.13615	19.326
sim_meta-69	0	43.420863	71.977585	0	0	22.98998	0.403653	13.99099961	0	24.00243584	9.99315	5.69937	67.75337	29.24148	2.10686	0	0	0	109.24637	0	0	77.564806	40.414044	0	0	2.81276	1.44542	1.04403	15.57985	0	20.841232	110.361211	5.76829	32.66957	181.70943825	0	20.64056
sim_meta-7	0	32.811946	89.112143	0.910587	0	6.4879	0	9.526389	0	45.156797	3.593152	16.23194	58.049233	15.15575	0	0	0	1.3253	172.54235387	0.805852	0.867069	53.2020745	31.736347	0	0	4.687181	0.572711	9.065273	12.649501	0	38.392908	102.94781187	6.200657	35.135887	128.664436	2.971586	16.49341
sim_meta-70	0	19.73997	71.42871	0	0	6.49262	0	15.41014	0	33.0828	0	0	0.833067	0	0	0	0	0	27.4366	0	0	31.43333	11.52524	0	0	0	0	6.50388	0	0	13.03203	16.59606	0	6.2848048	57.692471	4.67104	0
sim_meta-71	0	65.35791	45.45245013	3.17582	0	6.9106	1.9515	17.071447	0	35.545841	4.74046	9.00268	34.21287	10.93496	0	0	0	0	66.95859	0	0	20.82391	9.82914	0	0	5.10979	0.975912	0	26.37275	1.50981	27.69328	43.62007	2.62195	36.17707	106.37718314	0	9.37819
sim_meta-72	0	32.215312	96.7294622	0	0	3.64174	3.34157	9.757391	0	20.374552	6.560736	21.44613	25.96990656	8.698562	0.20835	0	0	10.4814	139.895941	1.381	0	25.077095	19.450805	0	0	3.176757	0	4.30609	12.04944	2.2674	29.243619	90.825008	3.137089	33.3448756	115.6130888	4.153961	23.65023
sim_meta-73	0	43.87587	76.252043	0	0.646272	0	0.872258	33.605949	0	12.725549	0	0.521503	83.30776	7.86592	16.8429	16.5304	0	0.234585	146.264169	0	0	69.28767	13.056558	6.85172	0	0	0	0	14.30114	0.75166	21.496029	106.560935	20.18392	28.660809	133.859764	1.50755	0
sim_meta-74	3.16063	20.803146	89.812671	3.41926	0	5.909879	1.41289	6.061781	0	29.639811	6.534325	4.610839	52.515135	14.27179	0	0	0	0	194.683821	7.63137	0	56.08972	19.046	1.65105	1.84022	9.670147	0.600875	5.56282	26.212792	0	25.427551	121.931504	12.10967	34.284815	109.556783	1.77342	9.13604
sim_meta-75	0	15.50376512	76.3616584	0	0	5.17767	10.5759	1.7766486	0	46.224384	0	0	0	6.06273	0	0	0	0	86.219894	0	0	27.439504	42.55516	0	0	4.71068	0	0	0	4.88164	6.767964	23.778534	5.17767	10.17632	98.56137827	0	26.58802
sim_meta-76	0	23.843278	69.255219	0.641688	0	5.993404	4.97503	13.29619	0	27.391395	6.524323	2.73993	8.106165	7.885421	2.76718	0	0	0	119.110774	1.69583	0	52.036217	9.965275	0	3.21082	1.82365	2.43699	1.56869	8.750771	0	33.203234	53.660722	2.790825	12.967256	101.903228	0.655606	0
sim_meta-77	0.692157	13.348616	136.82801	0	0	26.2322	5.42591	21.870205	0.506866	17.74534	16.1952	0	51.798956	0	0	0	0	24.56052	270.84754	0	0	53.2959	51.7275	0	0	1.58042	20.5982	0	5.1132336	0	10.74937	205.282158	0	36.3415794	162.238116	0.506866	0
sim_meta-78	2.99587	27.058961	77.053465	2.10519	0	0.645136	2.44898057	10.856895	0	29.753992	6.32739	13.33583909	33.3189279	22.26733982	0	0	0	4.3396	137.7457446	1.53884	1.89356	14.281882	18.651875	0	0	0	0	0	19.74026623	0	24.350231	49.7476276	10.443311	26.350179	83.23664714	2.52551	5.75437
sim_meta-79	0	44.701571	59.892914	0	0	4.41517	10.65787	26.537692	0	42.03235532	0	0	12.179997	9.34719	1.93047	0	5.06817	10.83186	162.5574714	0	0	37.451383	17.978809	0.925131	0	8.724268	0	1.59838	5.49782	0	20.232511	91.719769	0.578911	28.632338	107.97981894	0	40.357276
sim_meta-8	0	47.324124	54.349333	0	0	2.06928	0	11.77068	0	13.368943	0	0	17.637207	12.07218	0	0	0	0	60.225559	0	0	39.728571	6.38991	2.96326	0	13.777679	0	3.27051	7.127001	0	28.605208	19.600109	5.82332	21.23493	82.29624578	2.60927	2.10032
sim_meta-80	2.4378	34.0286449	81.86619719	0	0	1.22001	0	10.32171132	0	20.004281	13.7958	1.31583	22.79428545	18.7435755	0	0	0	0	82.42297977	0	0	24.389841	12.861764	2.6039224	0	11.408986	5.63223	0	15.3065999	6.63582	24.2467	39.20930759	6.18921	30.857784	120.79384362	2.59484	2.9408
sim_meta-81	0	36.10516	49.46738644	2.00083	0	0	1.21272	17.379976	0	27.880796	2.15804	4.20753	26.69828577	5.01834	0	0	0	0	118.80801946	0	0	21.9831446	9.17228	0	0	0	0	0	1.14737	0	31.20398	44.90335144	2.00844	45.94575	77.21279599	0	33.83013
sim_meta-82	0	19.4126497	118.43818	0	0	0	0	10.46894	0	43.23795	0	0	22.922071	25.37623	0	0	0	0	87.01281472	0	0	52.80635	19.79094	0	0	16.20420108	0	0	0	0	30.01382	27.48601472	4.98484	14.9429997	81.7806029	0	29.76271
sim_meta-83	0	26.5137	79.32474	6.18303	0	0	0	0	0	26.9488	0	0	52.51173	0	0	0	0	0	89.66293	0	6.31383	22.94024	14.11452	3.0873	0	0	0	0	26.5137	1.17205	23.85029	32.12016	19.29647	41.01467	124.15615	6.4989	0
sim_meta-84	0	50.000601	74.3912763	0	0	0	4.13454	10.175651	0	33.32458	4.505102	0	32.157115	11.64238	0	0	0	9.4168325	68.3389485	0	1.39927	32.522877	14.093043	2.699565	0	0	0	2.9291	16.71441	0	10.82908	43.591946	2.60311	20.369565	79.82035485	0	2.430895
sim_meta-85	0	31.93902226	75.07209741	0	0	1.60853	0	4.413	0	20.204141	0.95813	0	20.9816	5.28289	0	0	0	0	105.633628	0	0	39.559511	17.14248	0	0	10.50897	0	4.03376	18.22733	3.30559	8.834533	12.03462	0	18.023085	82.112618	0	50.49608
sim_meta-86	0	47.932369	59.97413583	0	0	0	1.82581	17.36571	0	24.548712	6.19394	0	34.54564	15.0702403	3.70189	4.21649	0	2.43267	120.386255	0	8.3633	40.558761	5.59842	2.65718	0	10.207	0	0	6.25339	0	28.519412	75.742893	3.31385	32.050456	139.360406	1.30192	9.659511
sim_meta-87	0	27.9348082	107.7252797	0	0	0.958082	2.91842	6.32169	0	6.5658088	0	0	27.96912	8.27221	5.02112	0	0	0	57.08857	0	0	28.6802953	0	0	0	0	0	0	8.35555	0	0	50.43046	0	19.64482	93.66408	0	2.96316
sim_meta-88	0	20.93084581	44.15803236	0	0	0	0	4.1284877	0	16.221072	2.54729	0	18.26136	7.08683	0	0	0	0	34.642382	0	0	44.934122	0	3.28901	0	2.15966	0	0	6.64752	0	0	14.757282	0	26.6586655	115.2844883	0	4.00619
sim_meta-89	0	18.2201448	96.258157	13.0037	0	0	0	10.6221129	0	12.62856	8.25695	0	97.00267	15.94381	0	0	0	0	278.97012	0	13.6275	32.64592	32.61197	0	0	0	0.904146	0	2.7981618	0	49.154748	166.03948	46.81528	90.46857	116.551526	17.20551	31.19027
sim_meta-9	0	15.654154	63.59227958	0	0	0	5.24317	18.24915	0	25.640734	0	0.431504	4.344544	8.33068	0	0	0	14.8433	100.927333	0	0	31.54662	4.46939	0	0	5.37064	3.09509	0	0	13.3006029	41.887826	46.490882	0.431504	13.5092977	136.9819455	0	0
sim_meta-90	0	22.187125	89.49836094	0	0	7.910749	0	9.966593	0	15.17336	0.695652	5.189141	51.61756	17.676756	1.79737	0	0	4.5682	66.9456219	4.35829	0	71.897379	16.75535	0	0	9.746438	0	1.06465	9.001398	0	29.245067	44.594531	1.82212	27.40562436	111.41815479	7.90208	3.5456
sim_meta-91	0	61.723628	73.705002	0	0	0	0	11.641881	0	30.9069	14.20907	4.01152	10.25208	2.06057	0	0	0	0	85.262715	0	0	15.538693	8.95928	1.61702	0	4.703872	1.36985	0	13.629047	4.62561	24.962405	21.099541	0	13.82053	87.055088	1.65253	0
sim_meta-92	0	18.59464725	138.10756003	0	0	0	0	2.82641	0	71.522659	3.69022	3.56539	41.094685	42.06128	0	0	0	7.87664	269.432061	0	26.5617	45.577858	17.51312	17.58483	0	1.65142	3.38258	0	0.00130725	1.07166	35.08467	132.258236	6.71139	36.30973	135.049685	6.80507	0
sim_meta-93	0	31.10922	63.93211567	0	0	0	0.763433	19.82265	0	1.367636	0	0	21.77316	5.60019	0	0	0	0	47.112761	0	0	12.865375	3.024842	0	0	0.335712	0	0	0.917451	0	17.361126	11.856177	0	47.809845	90.675033	0	0
sim_meta-94	0	33.087582396	73.597647	0	0	3.194275	0	15.396587	0	39.481303	15.0797	4.5691107	25.836407	5.662213	3.62132	0	0	1.75959	82.95673	0	0	39.903334	13.814834	0	0	8.31121	0.769576	0	6.34022	0	26.56589	47.415153	1.77022	26.4275452	115.5110002	0.277039	10.56025
sim_meta-95	0	26.5133	91.201961	0	0	0	0	13.01611	0	28.51972	11.789	0	17.23033352	6.51119	0	0	0	0	206.36533	0	0	7.9539	38.17822	0	0	7.98538	0	0	2.01819	0	19.83459	160.41623	0	86.37511	70.923213	0	49.3129
sim_meta-96	0	35.61068649	90.0491896	0	0	5.21202	1.8383	15.725333	0	23.652144	8.52671	0	66.98273	17.691531	3.4528	0	0	0	146.049844	12.34533	0	73.827727	31.3820101	0	0	11.0223	0	0.0208601	10.9260514	0	55.186169	143.394439	18.093104	44.657705	97.833691	10.39832	26.56177
sim_meta-97	0	29.94861	64.79562	0	0	0	0	7.34601	0	38.66568	0	0	5.05991	6.5221	0	0	0	0	50.88797	0	0	38.18265	19.5587	0	0	0	0	6.19635	7.64839	0	9.83768	21.2249	0	15.98444	88.69042	4.87294	7.00065
sim_meta-98	3.11298	37.61173	63.56163413	0	0	0	0	20.847519	0	26.21937	10.6514	0	6.759093	31.23107	0	0	0	0	107.26867	0	0	43.0287622	8.6299903	7.40966	0	4.007144	0	0	8.0193	2.28792	9.875048	18.4087363	7.90657	27.77475	107.65368	0	12.95912
sim_meta-99	0	32.78841	28.3747081	0	0	2.723048	0	11.090871	0	19.84796	13.75657	16.17867	21.427573	30.530708	0	0	8.91145	0	45.568955	3.205831	0	36.739182	10.694152	0	0	5.96384	0	0.030247	10.66446	0	13.486993	19.312579	3.89367	35.7767211	96.42187969	1.729874	8.05268
