sample	amglyccycl	arylpolyene	bacteriocin	butyrolactone	cyanobactin	ectoine	hserlactone	indole	ladderane	lantipeptide	lassopeptide	linaridin	melanin	microcin	microviridin	nrps	nucleoside	oligosaccharide	other	otherks	phenazine	phosphonate	proteusin	PUFA	resorcinol	siderophore	t1pks	t2pks	t3pks	terpene	thiopeptide	transatpks
sim_meta-1	1.76403	21.092577	93.386598	1.52519	0	7.96427	16.293713	1.90693	0	4.87617	5.39068	3.46956	0	0	5.45342	107.193507	0	0	31.91911	9.5138	0	1.1086	0	2.33678	4.53424	39.151943	24.875223	0	34.380517	117.0454798	0	0
sim_meta-10	0	16.673971	64.0365	1.21679	0	7.855865	19.9230763	0	5.19042	2.38852	0.378499	0	0	6.26196	1.60993	65.403241	0	0	19.64115	8.48071	0	2.85099	0	2.44058	5.11938	2.22631	27.60777	0	14.307366	74.829254	0	1.13878
sim_meta-100	0	29.822673	40.86954906	3.15834	0	5.686683	27.972031	0	4.16789	0.269743	5.35186	0	0	0	0	73.8935701	0	0	41.7938093	0	0	6.66439	0	0	1.35997	19.69388	13.619265	0	19.753193	111.880686	5.28836	0
sim_meta-101	0	41.26457	73.369643	0.961647	5.92101	24.594074	23.502152	8.93544	0	34.443067	3.4963	3.38343	3.7264	0	4.99909	127.988918	0	13.6745	85.051312	19.80427	2.59899	12.8383	0	5.27346	8.2384	50.694346	116.39344	13.59431	30.26805	135.816864	0	23.10718
sim_meta-102	0	100.8107412	47.380514	5.48986	1.68053	13.754048	14.960309	5.31555	10.39507	42.56442	8.447065	2.46679	0	0	0	95.2206556	11.71393	10.0851	46.20061	16.90455	0	1.37566	0	1.17867	37.09512	19.797216	78.138896	17.88394	48.286611	167.236855	14.18174	1.4823
sim_meta-103	0	21.028488	86.806922	0	0	14.292282	24.01693	5.26849	0	7.51798	8.97899	0	0	12.65084	11.0154	125.026879	0	0	43.12281	27.504	5.42107	15.5039	0	0	5.42107	34.485808	102.650134	0	28.420622	111.568314	0	5.34565
sim_meta-104	0	38.498058	54.10616	12.6264	0	9.498262	53.379174	0	5.33756	20.72152	2.148446	0	0	5.768736	0	103.355745	0	0	25.602146	14.430754	0	27.4602	0	13.75231	7.41706	19.07119	42.916617	0	10.34409	103.844559	0	0.702355
sim_meta-105	2.938	32.9812	86.8417928	2.84979	0	12.25126	5.12827	27.9561	8.52928	0	1.26219	0	0	0	0	100.48006	0	0	50.4984	28.37796	0	1.980594	0	0	0	10.22877	32.654442	0	21.40082	118.56302	0	0
sim_meta-106	0	49.13714	93.363551	0	0	12.167514	72.555675	0	6.92928	32.11651	29.035751	0	0	0	0	96.5403502	0	0	41.1381	34.65586	13.32	2.572607	6.26182	1.70966	11.8324	62.55193	47.47001	12.7728	30.242869	93.838682	15.08448	0
sim_meta-107	0	40.9427706	65.6793806	2.61744	0	5.21884	23.0627495	0	10.8756	9.708506	0	0	0	3.70176	1.74398	53.858636	0	0	16.26850657	12.90756	0	7.895782	0	4.17254	13.76216	31.44253	33.201378	0	11.40636	93.27157328	0	0
sim_meta-108	0	41.951221	61.320453	3.2417	0	11.778181	46.421369	0	0	2.68956	12.29075	0.550076	0	0	0	149.022812	0	0	62.372098	13.10091	0	14.26478	0	5.44034	8.29399	25.536916	49.331274	0	19.860248	90.292385	6.29028	2.17233
sim_meta-109	0	62.31181	78.974163	0	0	13.949042	32.34098	0	6.87467	23.52036	18.35557	0	0	0	0	125.69001	2.05728	0	33.483812	23.15155	9.11838	6.81985	4.38645	0	24.92723	26.8384	39.456932	8.67224	41.745921	99.083467	14.11747	0
sim_meta-11	0	57.85917	60.938756	0	7.33654	17.66782	38.18071	0	0	2.26049	0	0	0	0	0	29.54649	0	0	28.67497	27.20555	0	3.744904	0	4.8482	12.87075	64.48379	22.321827	0	12.19032	107.726813	2.70425	3.95376
sim_meta-110	1.2387	27.966682	49.8906353	0	0	10.21	28.054866	2.52236	0	25.331276	6.526775	0	4.21702	0	0	62.674058	0	4.55394	48.31412	24.898284	0	4.87976	0	7.082974	13.64198	29.223628	39.976114	4.41508	29.14516	104.798556	1.81606	3.35114
sim_meta-111	0	30.581675	103.718836	0	0	29.921841	20.3611981	14.730927	9.764032	45.906082	14.805115	0	4.16065	7.1835	13.28235	176.654329	2.06254	17.0848	95.76137	33.61648	13.42176	34.962254	0	4.64413	7.811619	20.089853	168.36756	17.555825	58.04517	138.973887	10.0467	31.18768
sim_meta-112	0	34.536627	86.065198	4.85209	1.61007	17.84964	16.24898	3.40943	7.78051	24.30434	8.59618	4.60904	0	0	3.86466	82.599305	4.34653	0	42.317397	11.125268	0	1.27006	0	0.498988	8.12432	32.76932	70.79623	4.45256	32.88502	148.888815	16.29158	1.8733
sim_meta-113	0	40.383403	83.37551453	0	0	9.576282	42.5913286	4.26114	10.12017	24.79045	11.03979	0	0	10.70713	0	82.528107	5.65785	7.50702	38.943004	8.68128	0	6.41223	0	0	5.71823	7.553217	38.62375	10.07636	17.751091	132.897712	0	0
sim_meta-114	0	15.093451	51.1671	3.532936	0	6.910625	12.123926	0	1.09562	20.620535	0.772985	0	1.45507	0	0	48.939012	6.96229	0	16.383708	3.58674	0	6.7132	0	2.26092	6.101107	20.73785	20.808751	5.30628	29.170659	111.1591992	2.89023	1.24889
sim_meta-115	0	33.814714	64.02259	0	1.798766	29.829633	40.275641	10.58045	2.145475	36.71638	7.206035	0	4.24588	9.55079	1.908072	106.43269283	0	16.8923	65.558781	7.435125	0	1.69622	0	0	1.992478	16.271751	70.88309683	17.18585	24.4697819	112.581295	0	12.949715
sim_meta-116	0	42.065254	79.703644	0	0	7.058714	46.006255	2.849451	7.335737	20.873492	6.82191	0	1.24495	2.87046	6.81385	138.557877	0	5.22564	45.481806	20.560309	10.0097	12.12087	0	5.889379	18.770348	36.18213	86.44512	4.98552	29.830036	103.728109	4.42686	18.76601
sim_meta-117	0	28.50879	67.182505	2.08364	0	5.737867	27.707299	0	0	5.694859	6.243427	0	0	0	0.54358	72.665405	0	0	27.175629	14.292359	0	12.051424	0	4.90316	3.35923	21.210927	23.944083	1.8622	21.652515	97.1547273	0.79412	0
sim_meta-118	0	57.34544	79.952	0	3.2369	15.59154	36.68058	6.61642	3.50199	3.67629	14.74861	0	0	0	7.30199	68.48989	0	0	28.12277	18.65886	0	5.01683	0	0	32.903	39.17457	22.04828	0	24.202135	103.47596	0	0
sim_meta-119	0	16.92199	121.486575	0	0	0	22.1029	8.0801	14.0527	8.21293	8.83536	5.16725	0	0	15.9583	142.810497	0	0	51.32975	20.235496	8.40759	21.44926	0	0	8.40759	18.04652	141.898337	1.91824	41.99073	88.936022	0	7.53863
sim_meta-12	0	83.67762	81.5615	0	0	5.56544	22.549979	0	0	4.29376	0	0	0	17.22498	0	80.20798	0	0	34.7319	1.93459	0	7.59278	0	1.93459	32.17843	27.40812	55.391101	0	5.39568	89.135478	0	0
sim_meta-120	0	27.63227	59.296924	0	0	1.86966	29.640388	0	7.73528	13.866408	18.34948	0	0	0	0	76.775192	0	0	17.191254	3.43052	0	6.32021	0	0	1.88293	48.068229	8.945662	0	21.52328	109.991605	2.97751	2.86931
sim_meta-121	0	19.888225	50.109427	0	0	8.43201	30.65336	0	0	9.031736	0	0	0	16.64398	0	41.301895	0	0	18.419348	6.98951	0	5.82261	0	0	19.5707	19.08247	13.411853	0	9.87242	84.984126	1.55155	0
sim_meta-122	0	30.774276	64.01708989	2.869856	0	17.466396	5.60414	4.20094	1.16692	38.879818	6.70431	1.73931	1.97839	0	0.867794	112.372578	0	8.22253	63.120049	2.964893	5.15997	3.88204023	0	0	10.41146395	15.74612333	58.885762	9.81749	26.545359	69.70070848	0	7.11038
sim_meta-123	4.58362	18.89179	58.960664	5.54612	0	3.4745811	34.22684	0	0	11.29519	5.324535	0	4.85542	15.15783	0	81.073039	0	0	55.704974	10.228003	0	17.89926	0	0	5.997283	19.936442	51.392204	0	11.61243	111.206594	4.03277	0
sim_meta-124	0	37.167	86.710326	8.30629	0	43.225884	37.235906	11.0716	2.2797	72.57563	5.45906	0	5.47945	0	0	212.712535	4.44819	21.5656	78.95647	17.964362	0	11.7091	0	7.6409	9.421	16.570193	142.296299	25.84111	19.09396	126.132241	13.90192	15.9735
sim_meta-125	0.982036	28.141054	53.1970966	1.08817	2.78528	14.0243865	24.19947124	0.930702	4.58516	4.6224	0.838511	0	0	0	1.9205	45.54938812	0	0	28.982508	13.992456	0	3.23482	0	0.778472	1.23822	20.741956	10.006695	0	5.9421213	121.088024	0	0
sim_meta-126	2.57554	48.241031	92.461693	5.28843	0	24.826676	37.434671	7.46776	0	27.992455	3.403793	2.0608	2.44638	0	0	122.991081	0	8.66629	51.687755	17.720871	0	10.994045	0	0	12.065071	34.136112	51.413433	8.74894	18.882102	134.279945	0	6.31467
sim_meta-127	0	81.301335	88.556013	0	0	7.28575	25.47633	22.09823	20.35194	20.16516	3.3182	0	0	4.79111	0	102.54655	8.8367	11.9537	45.12109	14.58373	0	16.88332	0	0	18.71241	32.53842	65.64841	18.84856	44.25839	120.371833	0	18.9653
sim_meta-128	0	28.900274	64.737309	1.26079	0	21.758562	19.956601	4.75981	0.689962	48.078543	8.548014	0	2.8765	0	0	129.6099773	0.840419	10.3673	64.9137151	16.352841	13.3405	12.894369	0	5.30544	3.52388	20.814904	87.8083643	9.85176	35.062719	115.64969485	2.16077	11.36473
sim_meta-129	0	38.530728	56.079212	0	0	4.03926	49.61408	0	0	4.607502	7.35594	0	0	17.27647	0	58.112393	0	0	59.22676	12.69796	0	2.53842	0	0	5.097268	26.72768	9.175963	0	2.64944	96.088463	2.78218	0
sim_meta-13	0	66.78577558	48.432419	0	2.65589	8.451234	38.640525	0	6.79236	2.685345	3.455938	0	0	0	0	89.50776358	0	0	34.055629	19.987594	0	4.90839	0	13.873684	19.009738	33.56906656	34.441783	0.512103	17.549312	108.88104616	0.0908785	5.972259
sim_meta-130	0.885667	28.670042	83.150231	2.36646	0	16.416762	14.852739	2.64232	0	24.968946	7.429951	0	0.795829	1.406911	0.529078	69.0961883	0	3.33929	36.5585049	8.322561	0	8.339341	0	0.43413	10.356118	28.520825	33.029902	3.36871	20.8213189	84.678363	0	2.49339
sim_meta-131	0	51.84495	69.32869	0	0	0	17.97575	10.19288	19.7299	44.99344	4.91145	0	0	0	0	79.81297	13.8312	19.0887	33.68913	19.74071	0	3.35067	0	0	11.76476	37.39882	40.47187	25.34536	13.29539	123.78036	0	0
sim_meta-132	0	44.946301	47.896827	0	7.84369	7.585783	16.3878854	0	1.86594	10.127765	9.36057	0	0	0	3.20771	96.752104	0	0	34.611722	19.159264	5.07427	4.486009	0	4.828777	8.770795	35.04967	42.329077	0.546881	36.377487	95.635285	5.40332	13.702265
sim_meta-133	0	34.34905	55.7445273	3.19075	1.57986	5.522303	33.484216	0	4.38448	5.11207	1.93277	0	0	0	0	124.320677	0	0	57.11176	29.88613	0	6.026374	0	19.17681	0	56.466119	51.855637	0	14.812861	107.396814	0	8.33159
sim_meta-134	6.7482	35.435785	91.949653	14.21755	0	12.04787	36.191574	8.02213	0	17.11291	8.92754	2.16107	0	0	0	151.486603	2.24674	0	54.671713	30.01397	1.98134	33.31787	0	0	8.41022	14.08808	30.98547	0	23.986822	151.794164	6.41237	5.54758
sim_meta-135	0	38.3612971	57.22570285	0	0	6.28754	50.207057	0	5.58726	18.06893	0	0	0	0	0	53.58847	0	0	18.76332	3.24081	0	0	0	0	16.07772	15.383116	15.593281	0	25.917329	73.720144	0	0
sim_meta-136	0	57.40195	45.69284416	2.65193	0	0	26.508064	11.69795	24.23501	34.18317	5.92532	0	0	0	0	88.81406048	20.03021	21.6728	51.901979	18.54135	0	13.5528	0	4.07852	1.84609	30.152644	46.68271	28.91917	40.6508	140.126121	3.67155	0
sim_meta-137	0	47.715473	83.931271	0	0	6.199036	29.3135089	0	2.12476	11.984857	1.534627	4.83583	0	0	3.74095	87.83658464	0	0	42.118315	17.17062	5.68085	4.851559	0	0	19.078282	25.729169	32.626561	0	23.85024	104.21013551	1.84601	7.57232
sim_meta-138	3.00363	47.9167001	61.1308647	0	2.52198	0.98793	16.27278709	0	0	15.14911	6.20999	0	3.46944	0	0	30.2449022	0	0	23.957967	5.259031	0	0	0	2.15974	22.47549	17.527047	18.097932	0	12.46299934	70.971486	1.85739	4.92247
sim_meta-139	0	50.521157	76.701873	9.02401	7.75241	3.615519	23.420464	8.81061	10.55357	22.093888	7.49282	0	0	11.95368	1.72834	83.456605	2.38576	0	32.22033	11.616639	2.58	4.530765	0	1.489593	10.950785	27.624004	43.681642	2.23289	8.250673	85.284816	8.486373	8.01492
sim_meta-14	0	41.76461	81.86838	2.1954	0	6.271232	38.637532	0	9.86424	17.40645	20.84472	0	0	0	0	104.312422	0	0	27.876934	28.68711	5.16357	15.884132	2.27822	9.38617	20.63852	43.410135	45.52497	6.36002	18.935773	92.34355	5.2522	0
sim_meta-140	0	37.2890219	94.0794602	3.4085	0	8.967139	43.690892	0	7.166611	16.539523	8.916581	2.86854	0	0	0	76.59328972	1.75109	0	41.245865	12.473866	3.43757	13.642165	0	2.51522	18.64094	29.963439	37.428488	1.26878	20.521004	98.502824	6.82822	0
sim_meta-141	0	53.4922405	38.66394257	4.93131	0	3.53796	17.670005	0	2.66098	12.423036	0	0	0	0	0	77.49005238	0	0	22.84129	19.38708	0	11.02459	0	10.370205	8.5238	22.219776	26.336554	0	9.373002	85.19179916	0	0
sim_meta-142	1.80598	49.089439	98.1272309	4.16882	1.37697	17.427453	23.7912916	10.023687	3.320098	25.70752	3.277836	0	0.802869	1.36057	0	96.344586	0	3.06099	42.081378	29.226357	0	5.338827	0	0.297332	18.589581	9.441541	42.5352058	4.255268	52.099385	111.454958	0	5.25424
sim_meta-143	0	46.8324364	64.07382832	7.91545	1.37504	18.922368	39.5688638	3.04752	10.36193	28.21169	5.154038	0	0	0	3.55747	93.05260312	3.97289	0	32.8667486	9.21262	0	4.78892	0	2.71026	4.287922	24.847817	60.419223	4.143285	23.771228	87.92136024	12.48979	0
sim_meta-144	0	29.22013	55.72288	0	0	0	24.83154	0	9.47899	5.00721	1.23443	4.6856	0	0	0	67.44756	0	0	51.4827	3.13385	0	0	0	3.13385	21.39532	70.621	12.22196	0	31.064	109.18253	0	1.78486
sim_meta-145	0	37.26243	45.4084501	0.848204	0	5.868957	35.42432	0	9.41858	14.814156	2.40588	0.0938174	0	0	0	87.28133742	0	0	28.16944	13.265863	0	19.721023	0	10.5721	5.61754	42.529174	32.300906	0	25.799266	104.07407	0	1.59827
sim_meta-146	0	68.42618843	35.103033	0	5.2343	24.288126	52.606109	0	0	0	7.14953	0	0	0	0	81.246766	0	0	21.608527	21.59508	0	17.62729	0	13.07671	13.291759	57.338627	34.48814	0	4.88934069	101.399669	0	3.69282
sim_meta-147	0	36.4561276	99.232319	0	0	8.300026	8.454051	2.08913	0	7.474258	1.753642	0	0	0	4.02133	156.307714	0	0	61.906909	12.41787	2.24966	5.844152	0	7.47712	15.19346	46.820669	88.517336	1.35645	27.694769	97.52336	1.59035	11.3236
sim_meta-148	0	29.31945	66.34281	0	0	5.32321	46.178911	0	11.1267	6.20948	33.72327	0	0	0	0	71.06262	0	0	8.475281	0	0	0	0	0	16.13823	27.88267	22.22272	0	22.96637	80.71339	0	0
sim_meta-149	0	27.743463	85.074079	2.80851	0	20.552589	36.9152498	2.17941	1.29644	16.99354	18.17289	0	1.0546	0	0	58.254383	0	4.2853	51.228225	3.52283	0	13.891763	0	0.741285	3.855876	26.089835	42.720627	3.980096	10.494135	131.93605	0	4.62888
sim_meta-15	0	38.673226	68.515439	0	0	12.491407	45.796016	0	4.97235	5.25518	0	0	0	0	0	87.685364	0	0	25.886305	0.520331	0	2.76813	0	0.520331	25.01658	24.15906	18.337502	0	23.69718	70.3155773	0	0
sim_meta-150	0	18.626383	61.205026	0	0	0	50.427864	0	0	0.181683	2.460103	0	0	0	0	124.199373	0	0	39.777827	19.95357	0	23.2667	0	18.2703	9.773	9.527296	44.152531	0	11.44352	98.064423	0	0
sim_meta-16	0	34.458412	70.291627	0	2.81796	4.177317	19.242349	2.57899	6.08855	13.980131	8.491861	1.66588	0	7.84267	0	57.321813	0	0	30.153424	0	8.84892	5.85164	0	0	10.51818	22.1797723	27.281142	0	11.968931	96.805993	0.551745	0
sim_meta-17	0	56.20796	49.13786	2.62257	0	4.90107	20.49825	0	10.38609	20.34355	0	0	0	0	4.55687	78.35491	0	0	49.23325	22.82785	7.05846	12.48833	0	5.96079	11.15779	50.08214	38.7537	0	6.9357	115.87651	2.19825	9.3874
sim_meta-18	0	28.534925	46.88006	4.73799	0	12.190619	17.114411	0	6.05342	9.432665	5.561148	0	0	0	0	73.442059	1.73489	0	49.073418	6.723779	0	4.96941	0	2.55037	9.40698	39.49652	52.013337	1.64027	25.023888	93.902603	11.69148	0.773066
sim_meta-19	0	43.45316	85.01587	29.9259	0	11.34103	30.93875	0	0	11.01124	6.0541	0	0	10.54183	0	77.4977	3.36245	0	45.936	22.21154	0	4.40412	0	0	29.343	28.62882	40.03664	3.58067	24.247655	134.483362	11.01124	0
sim_meta-2	0	16.72651	59.3699616	0	0	6.27066	24.23866	0	0	0.985276	2.43522	0	0	0	0	30.7057282	0	0	23.722118	8.82572	0	0	0	0	1.83266	29.34239	18.233349	0	28.167758	92.866637	0	0
sim_meta-20	0	26.274788	53.902672	0	0.813208	17.6429425	16.231908	0	0	1.18421	3.475304	0	0	3.576959	0	72.903488	0	0	41.868808	4.40678	0	3.374586	0	0.606623	7.88859	46.588797	30.571972	0.418475	9.319115	124.158601	0	0
sim_meta-21	0	63.98905	67.1544227	2.28197	0.810962	7.603155	24.518996	9.024712	17.3598	20.1820622	7.21835	0	0	14.27942	1.20826	69.700849	11.0775	15.173	52.817258	18.55701	0	5.7636	0	1.49604	21.33842	36.608741	42.704059	20.69517	27.659143	149.385089	0	0.63676
sim_meta-22	1.1142	47.3242432	64.343737	7.001859	1.19673	9.36122	52.077505	4.51048	5.242876	27.150398	13.496993	0	12.667817	0	2.063163	167.30612	3.99075	0	37.018124	16.792019	0	31.804928	0	12.1447	19.4941	54.333487	98.063686	1.48493	26.692629	89.8084519	7.08044	10.1142
sim_meta-23	0	26.199947	81.815136	3.7517	0.170079	23.166736	12.983543	0.486787	1.312336	23.088949	6.97592	0.443391	1.21861	11.615392	3.839589	154.506271	7.592809	0	64.139575	13.754073	10.0631	11.83548	0	10.6091	1.8782	47.176331	82.040049	5.816935	31.899864	88.341152	13.25251	2.50146
sim_meta-24	0	21.10763	76.60977	0	5.35873	2.49194	14.517571	5.31166	4.15078	3.34767	2.14799	3.79677	0	0	0	53.036694	0	0	24.58898	3.97827	0	1.98378	0	0	7.75081	20.8038	12.39321	0	10.160574	95.318829	0	2.43636
sim_meta-25	0	21.758251	101.00608457	0	0	15.41275	20.977324	0	8.68935	22.59771	2.971247	0	0	2.83793	18.0006	115.744059	0.489942	0	83.634166	40.97642	27.0095	32.827162	0	0	15.11801	20.754078	91.08919	0.560933	48.568446	130.250101	18.12817	36.3954
sim_meta-26	0	90.31213	65.05089	0	0	26.44069	87.37002	0	0	0	8.41833	0	0	0	0	88.35208	0	0	5.20756	19.8	0	29.9124	0	19.8	17.94003	57.99029	33.85172	0	4.3323	87.82808	0	0
sim_meta-27	0	38.450555	66.014257	3.482793	0	9.695751	47.209074	0	2.726621	13.638616	4.550559	0	0	3.273243	0	85.656006	1.58068	0	36.318402	12.941964	1.63772	12.395893	0.9613	4.635256	4.749306	51.309221	39.451513	2.87073	19.549118	92.653113	6.74214	0
sim_meta-28	0	62.276053	63.508987	0	0	14.33161	41.46857	0	14.7868	6.24454	0	0	0	0	0	90.66257	0	0	11.37349	0	0	0	0	0	23.1674	26.44921	31.58716	0	20.90631	119.483523	0	0
sim_meta-29	3.4141	17.59042	118.762769	3.34386	0	12.44476	7.361981	7.94224	10.1737	69.72805	42.73945	0	2.36344	0	0	189.125378	0	9.06106	81.77491	66.34319	19.6944	0	9.46301	0	0	46.56787	105.92453	27.64722	48.60002	118.63618	18.8808	6.72997
sim_meta-3	0	41.39275	105.212608	0	0	5.13228	29.11519	0	0	0	0	9.74003	0	0	0	47.83266	0	0	22.26861	5.13885	0	0	0	0	9.67626	47.07491	11.57181	0	21.0519	72.7094	0	0
sim_meta-30	0	50.10589	98.849293	19.5846	0	9.90118	15.117319	0	8.79196	28.45246	6.79364	0	0	0	0	169.602516	2.51795	0	72.52438	3.484866	24.3038	0	0	0	25.9966	11.84233	105.37777	2.42286	5.39182	114.485949	7.65707	0
sim_meta-31	0	33.577104	64.375334	7.31172	9.6178	3.219853	43.64821	0	0	0.497817	8.665275	2.36611	0	4.37938	0	86.443346	0	0	15.47184	11.883784	0	7.96222	0	8.027104	16.54054	29.695613	11.18035	0	3.263132	63.059948	0.846969	7.36661
sim_meta-32	3.49367	48.7470901	90.563373	3.00843	0	10.2929868	21.340139	8.34266	9.26789	42.372728	17.3252	0	0	0	0	203.796083	5.72124	7.76026	66.705144	42.39753	11.55667	0	3.39719	5.16907	0	47.115301	87.783196	16.83184	25.9288829	123.509061	6.57227	0
sim_meta-33	0	51.626461	106.404249	0	0	4.811862	48.22096195	15.22078	9.455232	15.12141	3.87954795	0	0	0	7.29002	136.976525	6.54142	8.69116	51.127003	22.169432	3.74513	19.25081	0	6.06468	10.13729195	21.986093	96.723731	11.35061	28.819152	116.39821813	1.12234	3.39821
sim_meta-34	3.8956	26.0664405	59.1461655	4.21636	0	27.211409	35.283582	0	2.44773	47.3137452	6.865023	0	1.43609	3.16986	0	131.147774	4.08166	0	54.797522	10.897136	8.22103	5.32803	0	2.51623	8.4244785	14.138256	91.818656	4.12871	18.575313	124.6451087	14.061068	0
sim_meta-35	1.7003	37.955137	67.096394	0	3.90945	9.726856	41.591369	1.64928	4.48324	14.452305	0.613523	0	1.25066	9.74197	6.36386	102.087472	0	0	21.689324	17.85353	0	3.65355	0	8.36127	11.4068	27.830238	45.587261	0	25.667535	112.860876	0.578154	6.23701
sim_meta-36	0	20.523509	96.09318	1.62329	1.53141	13.529823	35.325461	0	3.87646	8.37216	5.377507	2.14382	0	3.08074	1.64276	70.134924	0	0	30.616719	2.94966	1.76738	0.901384	0	0	6.66597	21.752697	23.92861	0	13.01399	88.251278	0	0
sim_meta-37	0	57.441863	78.959445	0	0	9.517152	26.541337	0	4.36965	10.37415	6.17598	0	0	7.939352	0	118.776092	0	0	33.402115	1.86344	4.64247	6.988393	0	0	6.46903	30.886185	36.447664	0	4.222471	101.347524	0	0
sim_meta-38	0	35.76899105	46.3857599	6.93218	0.776625	34.046247	8.93241482	1.38782	0.760094	19.136979	2.121757	0	0	21.164901	5.756189	155.72431482	5.04643	0	37.36501	9.52321	0	1.23494	0	0	14.09443	18.41335	84.319553	5.15115	24.34491375	157.705293	16.58609	0
sim_meta-39	3.23089	35.8607069	83.838784	3.56306	0	8.721391	36.525408	13.29969	17.42038	34.4776598	14.28232	0	0	0	4.36732	168.9584534	10.6805	14.3431	69.550473	38.6332	7.50997	12.155775	2.61272	0	10.30847	30.6130442	94.5505611	24.58583	30.869691	176.628891	4.90261	1.85973
sim_meta-4	0	38.174672	61.778204	0	5.829418	15.89788	45.302321	10.59667	15.87962	22.46139	3.181927	0	2.21259	0	0	77.432782	0	9.30422	39.17428	22.935775	0	2.98476	0	0	0.397395	17.886101	49.41368	9.37813	9.983423	106.184059	0	6.76691
sim_meta-40	0	14.232066	70.0926936	0	0	10.711671	18.296879	0	0	9.687749	11.447339	0	0	0	0	75.860277	0	0	48.786031	1.498485	0	0	0	1.498485	13.16494	25.402261	37.020811	0	13.539298	126.528012	1.33997	0
sim_meta-41	8.27571	45.304286	67.229535	11.27175	0	18.6452	47.269495	10.1232	4.74657	9.06239	0	0	0	0	0	206.62638	0	0	43.55372	48.58357	0	7.02656	0	10.21766	3.49481	28.892377	42.41262	0	13.643242	130.591581	0	0
sim_meta-42	2.47591	45.394165	90.8457558	4.512031	1.10981	11.03776	14.438093	10.6549	4.034554	34.677073	12.73243	0	0.446401	0	3.28115	165.570432	2.44182	0	56.839203	26.31002	10.13452	7.690899	2.08972	0	4.54367	22.404762	88.046669	6.332338	32.255562	100.604659	4.268601	1.84394
sim_meta-43	0	16.265963	53.038776	0	0	5.380622	31.79431	0	0	7.023571	6.695942	0	0	0	0	32.5830804	0	0	42.0251648	1.86587	0	6.10662	0	1.86587	3.52673	15.811084	10.822909	0	7.329267	73.142123	0	0
sim_meta-44	0	49.5803269	74.137841	5.55617	0	11.3404475	15.332612	16.4947	12.41733	31.589711	11.198741	0.248828	0	13.32642	0	102.9960044	11.92435	13.0921	41.313141	20.663314	0	4.265279	0	4.366099	10.44678	24.360482	60.5470539	19.21888	21.122353	140.580797	7.71288	1.10197
sim_meta-45	0	19.845139	67.41143818	0	0.239737	3.27179	23.724126	3.534378	1.997139	7.7191096	14.262975	0	0	9.42407	6.774524	63.411453	0	0	31.740546	17.120424	2.84577	5.35299	0	0	14.49696	20.893784	57.109963	0	23.141007	90.762961	0	2.94
sim_meta-46	0	29.16706	52.452229	0	0	19.01086	30.297262	6.46013	3.58566	24.69728	19.50903	0	2.64754	0	0	86.449094	0	11.8352	45.51557	19.551393	0	2.34218	0	0.869273	1.0251	46.58859	52.16937	13.67047	15.75725	108.775093	0	8.71247
sim_meta-47	0	38.460282	93.137967	0.648324	2.84477	14.178493	24.722246	9.0454	10.177563	35.754598	19.281989	1.51679	0	3.5458	0	124.212444	9.41603	12.7161	67.258985	8.600618	13.35489	4.321964	0	1.917518	12.121438	21.9233	68.862164	17.02716	10.937109	110.201374	0.390274	1.32666
sim_meta-48	0	29.653409	94.510382	0	4.15861	14.173159	35.5931802	0	3.54092	0.526794	14.977475	0	0	0	0	112.34216	0	0	39.7058869	0	0	2.042445	0	0	9.657052	17.960628	21.020913	0	9.784616	118.188381	0	1.6986
sim_meta-49	0	26.10948	30.040981	0	8.40779	11.6952	22.227167	0	1.56352	6.13395	0.940315	0	0	29.89962	0	50.828331	0	0	16.476047	20.493498	0	0	0	4.80267	6.331512	23.336672	29.154565	0	42.556417	79.590164	0.82088	4.70591
sim_meta-5	0	29.99178	91.513251	0	1.08055	14.15879	38.854087	0	3.31292	29.23093	7.22889	0	0	0	0	118.81994	0	0	75.79177	10.4862	21.2075	0	0	5.42857	4.63257	14.6408	75.38739	0	11.445862	113.527619	0	5.30029
sim_meta-50	0	32.509379	68.640297	0	1.08683	1.479897	57.581843	0	0	3.238337	2.788438	0	0	0	0	58.322849	0.535354	0	31.310629	5.584167	0	9.398856	0	0.204416	14.05951	20.227755	15.35745	0	18.19969	85.05207	3.47423	2.54205
sim_meta-51	0	19.310465	79.3211397	0	1.09512	22.940994	17.179901	12.14018	1.79646	52.72268	14.82947	0	5.49119	0	2.6593	133.403417	0	20.9032	74.851623	13.814278	1.65059	3.87732	0	0.822859	1.65059	26.294497	111.220527	24.11988	40.0674029	123.389256	0	19.416839
sim_meta-52	0	39.208347	99.704463	19.43289	27.417275	9.839278	47.24841	1.46801	6.731807	42.329429	3.856692	0	0	3.27894	12.374166	212.008786	8.73724	0	66.70905	42.36984	15.5681	9.78155	0	5.8475	34.12976	17.41127	153.893171	8.53345	28.993561	175.970913	32.50508	26.79298
sim_meta-53	0	46.972557	84.610539	1.30496	0	5.725228	35.336115	2.01022	2.28968	8.81532	4.22581	0	0	18.656782	3.43963	140.280596	0	0	45.485572	20.262391	1.90383	12.05154	0	9.16567	13.42334	37.96937	71.2733	0	22.696597	97.95244	0	8.40371
sim_meta-54	0	58.177625	52.0226144	0	4.814644	4.490622	56.3918556	6.223256	10.944294	0.5422535	6.780691	0	0	0	0.953943	67.53620251	0	0	28.719857	20.238485	0	2.940353	0	4.11876	8.649067	37.16967	32.231906	0	16.0052042	106.9716136	0.752398	8.04551
sim_meta-55	0	27.21144	95.165498	5.3724	3.415823	18.982882	47.91558	0	0	17.320784	8.03837	1.52749	0	11.62229	0.36584	106.288574	0	0	43.923838	19.93112	0	9.98081	0	8.17478	14.83496	29.05019	36.714866	0	9.644822	108.243379	0	3.432534
sim_meta-56	0	53.854309	118.78726706	1.633598	0	15.597816	26.706953	7.64088	13.757881	29.058243	15.59738	0	0.451412	0	5.91605	94.840568	13.55765	14.3534	60.95909	19.360315	8.60246	12.295241	0	0	30.17491	39.497309	62.218016	20.19845	27.383846	126.563081	5.289849	11.37367
sim_meta-57	0	39.168063	23.383971	10.30689	3.18557	3.601969	22.472752	0	1.15786	19.616747	19.449187	0	1.5802	0	0	70.464308	8.3737	0	34.137356	20.37329	0	8.99802	0	3.56775	0	25.076587	41.048344	3.18927	27.994345	140.51958	3.4378	6.75081
sim_meta-58	0	44.759211	88.08138647	3.20163	0.762713	13.03217	23.287802	1.50792	6.263871	10.140081	2.388805	0	0	0	1.767313	24.056286	0	0	21.09585	8.966218	0	12.713	0	0.645998	35.58067	36.10196	15.335297	1.46928	14.64664	86.548803	0	2.75398
sim_meta-59	0	28.82088	21.4831	0	0	6.03471	48.45281	0	18.4979	16.99116	0	0	0	6.35122	0	70.90053	0	0	17.16862	0	0	0	0	0	32.78185	34.65389	39.35004	0	12.7532	143.428319	0	0
sim_meta-6	1.27668	33.566367	67.83533	3.744929	1.81935	16.821479	22.9992796	3.55593	0.588791	10.360993	1.52055	0	0.75788	0	0	91.33021	4.07483	0	28.940505	9.401513	0	5.935521	0	0	6.217939	14.700163	35.252002	1.56956	25.967758	107.526875	1.50664	0
sim_meta-60	0	42.558745	61.163408	3.10664	2.07305	2.903919	39.7687033	1.90531	0	7.217755	2.352447	0	0	1.11133	0	49.106864	1.96479	0	38.199868	5.321004	0	13.664994	0	0.501472	12.0384	17.119548	14.743777	0.757297	16.491396	89.563565	2.482373	0
sim_meta-61	0	19.20315	59.971558	4.42639	0	11.95709	25.351865	0	0	22.16026	1.27403	0	0	0	0	94.635117	1.90388	0	50.364313	15.90351	0	4.52371	0	0	3.40273	21.527449	52.25111	1.80565	12.529345	104.32085	6.07023	0
sim_meta-62	0	52.42598492	66.32633894	0.631464	2.826471	2.478945	29.064729	0	0	12.350261	4.39969	0	0	13.98651	0	66.14874151	0	0	29.73521937	17.610036	0	14.63741	0	10.687736	15.22407952	30.317816	30.056592	0	9.636264	52.62873738	1.41315	0.985964
sim_meta-63	0	37.553563	61.582749	4.87619	2.42619	20.181044	39.8379386	6.93403	7.27338	31.33085	10.912962	0	3.79981	10.24542	2.4467	154.087569	0	14.2941	56.31219	11.87852	0	6.22024	0	8.15018	9.27413	26.2994246	88.64745	14.18248	14.774316	136.821511	0	10.714107
sim_meta-64	1.94259	24.2463	40.69031	1.81228	7.90686	7.11499	10.36304	11.38987	9.02361	10.9524	5.33573	0	0	0	0	83.32581	0	0	22.3809	13.19259	0	2.66075	0	0	0	10.1921	20.76274	0	18.787936	83.638498	0	0
sim_meta-65	0	74.39496	108.04353	0	0	0.997234	7.66283	0	0	23.41401	2.52347	0	0	0	0	108.112777	0	0	24.11692	3.36936	7.3142	2.54187	0	3.36936	42.34975	7.55506	14.81692	0	34.019798	85.40487	0	0
sim_meta-66	1.25162	24.20411306	84.765307	0	0	3.812166	40.850639	0	4.548183	11.86045	6.389821	0	3.09374	6.64134	4.58361	143.196972	0	0	41.378312	22.122893	3.9487	3.555055	0	12.935279	7.39034	38.646401	57.284723	0	15.249203	89.915962	2.76439	5.36226
sim_meta-67	0	19.179495	66.8484	2.57774	3.48508	3.599193	20.762294	2.19514	5.84099	23.71053	18.211518	0	0	0	0	81.99473706	0	0	47.613657	30.331991	8.43732	6.168046	4.35413	2.65811	7.680816	37.164648	49.843375	8.77097	19.882399	118.19715	8.27077	2.691223
sim_meta-68	1.03694	54.0951282	110.6524372	5.082946	0	8.8929196	15.9806857	16.22829	10.12517	15.25519	6.844181	0.637885	0	0	12.9051	160.926719	0	0	49.0557198	35.238667	13.17731	13.04847	0	3.01843	15.453141	26.515349	98.616309	0	34.1571155	104.4046728	3.16507	16.54652
sim_meta-69	1.52499	20.27274	66.901957	2.91226	1.20028	25.642358	26.035306	0	0	10.06995	2.95898	0	5.86906	8.97949	0	119.475214	0	0	41.68678	19.32873	0	8.01526	0	6.46916	6.4935	45.03987	34.771191	0	20.55221	104.106326	2.8581	6.8781
sim_meta-7	0	44.6887507	79.889658	0	0	4.068855	12.980166	4.59682	9.74603	20.806784	10.102695	0	0	5.322135	0	117.733854	9.19699	8.82904	33.129491	22.099707	0	8.90949	0	14.4282	20.43919	22.498157	42.070157	11.51541	32.306609	97.2306173	4.852669	0
sim_meta-70	0	42.3800346	68.843899	0	0	0.9353	43.24886	0	0	6.4637	0	0	0	0	0	58.7859281	0	0	4.32350896	22.31057	0	38.58569	0	16.56908	33.4096	35.752174	30.006725	0	18.64325	87.098601	0	0
sim_meta-71	0	21.273218	93.597585	0	0	2.32783	57.486096	2.65894	2.86129	10.57597	12.398535	0	0	0	0	102.516951	0	0	20.657493	14.48792	0	5.64725	0	6.78898	7.86216	17.452458	57.762216	0	30.64681	76.726267	0	10.9318
sim_meta-72	0	37.267153	56.367688	8.89707	0	9.466419	26.55182	1.19519	5.730895	32.741163	0.634972	1.03715	2.21369	0	2.77905	101.88588131	11.4937	0	44.682159	6.57932	1.51158	13.789293	0	1.22752	4.74547	40.843202	63.170823	5.51203	28.914932	119.763617	5.51272	1.2142
sim_meta-73	0	36.04630732	52.845806	1.77075	4.31359	16.932928	33.263058	5.572338	0.990701	0.529432	10.387849	0	0	0	0	76.1887392	0	0	7.4641467	0	0	1.53762	0	0	9.690938	50.489819	36.029485	0	12.062488	76.8837584	0	3.4322
sim_meta-74	0	23.303032	67.3560715	0	4.81446	4.93101	42.3258113	1.09218	0	2.19038	11.742245	3.74899	0	5.1243	0	96.560212	0	0	41.724142	7.58638	0	11.9215	0	5.83877	8.84946	26.005057	47.048142	0	7.173805	94.418946	0.837521	3.88279
sim_meta-75	0	44.933173	57.59702	0	0	13.67317	24.257156	0	0	4.23233	4.017881	0	0	0	5.46528	78.133269	0	0	11.03259	4.818081	0	5.67874	0	0	2.802701	7.0399	33.780766	7.63975	34.845443	95.718929	3.78549	0
sim_meta-76	0	52.669767	59.795578	0	0	11.199638	34.753152	0	3.85814	4.286105	3.190144	0	0	2.02863	0	64.267445	3.81619	0	35.790424	3.7027	0	8.545244	0	0	9.03487	25.89702	23.438597	1.13331	21.033185	92.363341	2.85821	0
sim_meta-77	0	70.00963	67.51145	2.513352	0	16.91588	20.94893	0	3.51857	45.533244	14.102126	0	0	0	0	140.293928	8.46991	0	41.514197	25.680882	14.62651	20.24808	3.57106	7.37366	28.049498	27.331855	37.50441	6.73066	32.372169	108.07641	9.46735	0
sim_meta-78	0	48.784359	83.025345	2.170964	0	20.765802	48.497984	0	9.239357	10.337644	3.424686	0	0.815295	0	1.40844	67.296419	3.83184	0	28.215855	5.6591	0	8.077724	0	4.91619	19.82439	21.972239	35.241431	1.55978	10.483177	104.333285	1.57516	0
sim_meta-79	0	32.6635471	82.703748	1.43606	0	6.360037	25.578679	0	9.45737	11.657858	12.1776	2.85554	0	1.27223	8.09111	70.146118	0	0	47.722094	23.739276	12.358	8.573844	0	0	9.543226	25.3885153	58.216346	2.072803	21.74152497	117.942317	4.23801	16.848039
sim_meta-8	0	34.343495	82.089589	1.797614	0	14.186523	39.191317	0	0.487657	47.212473	1.18629	0	0.522878	0	0	108.598872	2.78876	0	20.352675	16.186807	0	14.402597	0	7.27653	26.42134	33.793008	62.519202	1.23267	5.736012	105.643255	1.20997	0
sim_meta-80	0	44.787079	113.209125	0	0	26.08644	21.868076	0	2.99752	0.607911	12.59627	0	0	9.04824	0.858315	40.306665	0	0	11.08035	5.57354	0	0	0	5.57354	13.659435	59.153894	11.751585	0.607024	20.197446	63.437121	0	0.775449
sim_meta-81	0	56.97233	37.011833	0	4.32323	17.94666	40.654722	2.64734	2.682	3.05822	0.793629	0	0	0	0	123.031522	0	0	20.858979	0.758001	0	10.8094	0	0	10.3478	65.628622	47.744899	0	22.63932	113.718426	3.96279	11.0726
sim_meta-82	0	47.538336	81.47166	0	0	22.41892	4.1079	16.59653	18.52267	42.25789	9.33878	0	0	0	0	73.33639	11.8823	16.1172	60.15751	20.13672	0	2.1711	0	0	8.67986	21.47124	44.50218	21.13119	33.67194	132.224435	0	4.65706
sim_meta-83	0	35.88889	46.33293	9.45822	0	4.452485	71.847677	2.84924	8.91319	8.386067	20.1796	0	0	0	0	153.682493	0	0	0	24.5654	0	56.76255	0	24.5654	0	13.46973	68.272313	0	40.76485	89.267095	0	12.4911
sim_meta-84	0	34.837729	78.779254	4.29186	0	9.836383	21.526744	0	2.69001	26.906295	12.163774	0	0	0	0	127.987179	0	0	35.903475	24.884664	8.7826	12.527547	2.13027	7.897934	5.40904	48.58602	31.633005	4.74522	16.71014	77.318306	6.91628	0.833615
sim_meta-85	0	37.939107	76.053251	2.18642	1.406	7.68479	33.769287	5.85556	7.7163	20.11354	7.55938	0	0	11.100098	3.19084	175.524717	0	0	58.526433	10.27655	10.0295	6.41514	0	0	16.42093	25.23888	95.239964	0	31.85816	86.890469	2.10627	13.8744
sim_meta-86	0	40.940114	77.655239	0	0.502912	12.802439	42.705972	8.55627	1.87219	15.326557	0.663686	1.41033	0.542154	22.65079	4.20219	125.603099	0	1.94613	34.350877	16.521064	5.31184	17.343913	0	7.350672	10.15701	32.086459	64.159129	1.956819	21.19706	110.377703	0	4.59302
sim_meta-87	0	40.15362	47.063079	9.59264	0	0	57.44148	0	4.43867	0	0	0	0	23.90251	0	85.24006	0	0	20.80586	16.19151	0	22.80265	0	11.035	9.68872	7.37854	29.95255	0	7.50955	78.233213	0	0
sim_meta-88	0	38.36106	60.761551	0	1.37735	12.41345	47.609776	3.65786	0	4.348689	6.47018	8.80097	0	0	7.58586	137.875542	0	0	35.035754	29.63939	4.17547	35.51981	0	19.58543	9.83408	17.987312	99.944243	0.999544	18.597839	117.17298	0	4.90372
sim_meta-89	0	16.89367	84.32344	0	0	5.76942	36.55265	0	0	15.3207	6.24846	6.06513	0	0	0	70.11528	0	0	53.353781	0	0	5.44065	0	0	0	40.14383	17.41817	0	15.7601	110.34048	0	5.14364
sim_meta-9	0	24.489396	45.3960623	0	0	0	36.65335	0	2.79215	7.60266	5.71311	0	0	12.83697	0	90.34219	0	0	43.20655	1.21595	0	12.90556	0	0	2.82374	30.865953	47.73886	0	7.2533	100.34603	0	3.47862
sim_meta-90	0	38.543244	53.283052	7.93851	0	8.71651	60.374651	1.14324	2.148157	8.525017	15.800123	0	0	0	0	76.877391	0	0	12.096278	8.581911	0	20.647	0	0	32.525958	23.480259	19.310078	0	23.84688	95.48607	0	4.3833
sim_meta-91	1.76453	80.0712821	85.193259	1.67808	0	5.858514	42.702875	0	4.677992	43.612554	2.75948	0	6.030887	4.54546	0	118.604335	2.86536	0	32.577677	5.870279	0	2.041792	0	2.41336	16.419835	29.947611	50.997556	1.09946	8.484632	50.3984694	3.94567	0
sim_meta-92	0	32.70903	115.904125	17.47632	0	17.25855	28.71021	0	0	37.5213	7.46454	0	0	8.75293	0	158.80958	6.44534	0	90.28814	7.78264	19.9159	16.38394	0	0	8.25354	34.01568	150.784253	6.50478	25.99609	102.485161	20.42491	0
sim_meta-93	0	32.421664	57.0187918	0	0	11.09678195	25.701717	0	2.53136	23.221525	5.818371	0	0	0	0	89.526107	0	0	51.747508	6.492722	18.8425	8.78478	0	4.3078	2.93396	20.539098	69.567593	0	5.04378	82.05422788	0	0
sim_meta-94	0	33.8879636	69.9382299	0	2.54585	13.824325	28.591773	5.941476	1.58164	10.249787	0.43763	0	0.51293	2.04636	0	97.71914122	0	1.9958	41.590818	14.575205	0	4.023915	0	4.05524	17.633371	33.133285	37.221365	1.847784	17.421689	111.2429111	0	5.928687
sim_meta-95	0	23.05623	39.530353	0	8.52161	5.49968	22.39461	9.50627	8.01816	14.84406	4.85889	16.7192	0	0	3.49912	53.816701	0	0	19.44432	10.24027	0	0	0	0	13.3491	42.40237	14.65964	0	17.26818	101.003421	6.02115	0
sim_meta-96	0	57.27039	57.233819	0	2.09119	1.53822	38.320746	12.38234	18.67121	6.478561	7.96954	0	0	0	0	89.680724	0	0	12.98545	26.156137	0	16.061547	0	13.72995	15.95207	35.69155	42.09779	0	17.835485	75.599307	0	4.02321
sim_meta-97	0	25.0950238	73.734958	0.34672	0	5.755879	1.698224	2.92699	4.02435	2.80877	3.57447	0	0	0	5.9487	122.98214	0	0	14.90651	8.3721	3.13858	11.41915	0	0	17.03528	7.68268	51.361613	0	11.759845	57.103621	0	2.84098
sim_meta-98	0.774631	49.404679	56.608633	5.44792	3.20791	7.649539	41.785076	8.18923	10.481379	37.408868	8.004482	0	2.10467	0	1.219158	118.722642	12.3346	13.2562	77.272683	24.597961	0	0	0	3.428521	11.544766	33.88028	70.087024	19.73695	26.615378	142.39879	9.0789	5.9675
sim_meta-99	1.05997	42.741876	83.370991	1.543791	0	19.768046	14.760832	9.23763	6.600428	51.830933	7.975127	0.546002	9.068081	0	0	141.38725146	9.20379	17.81109	65.237035	10.975072	0	8.464749	0	2.87857	4.97302	26.02755	87.572093	21.6005	33.959605	115.314189	5.4829	11.49936
