sample	amglyccycl	arylpolyene	bacteriocin	blactam	butyrolactone	cyanobactin	ectoine	fused	hserlactone	indole	ladderane	lantipeptide	lassopeptide	microviridin	nrps	oligosaccharide	other	otherks	phenazine	phosphonate	proteusin	PUFA	resorcinol	sactipeptide	siderophore	t1pks	t2pks	t3pks	terpene	thiopeptide	transatpks
sim_meta-1	3.07137	44.882939	306.355764	0	6.54112	13.2877	18.830076	6.49928	23.794427	0	0.15531	32.13584	15.7803	5.71977	106.416717	0	24.417517	41.58859	0	0	0	3.61384	11.93142	0	24.108918	108.629688	16.81718	28.62544	105.4627129	3.99393	10.6726
sim_meta-10	0.364359	40.145525	116.018921	1.89324	1.52128	18.76933	44.116823	0	34.780865	1.45793	0	7.69442	8.960322	3.50798	64.885982	0	24.39989	34.18241	0	7.75685	0	14.67442	4.955219	0	16.55721	54.653998	3.33023	29.495228	140.214666	4.55959	2.80386
sim_meta-100	0	35.932208	94.880233	0	5.05126	12.41588	42.38497	0	32.88184	2.61164	0	0	5.169467	4.51689	66.999781	0	23.88597	25.91272	0	9.50131	0	0	6.04188	0	8.94076	47.270921	0	15.5539773	80.178042	0	0
sim_meta-101	0	51.115977	112.674972	0	0	16.72256	13.919821	0	15.206756	0	0	3.27575	0.526725	7.72103	53.697535	0	25.806913	57.388702	0	5.34157	0	13.536202	11.42168	0	32.432382	67.184289	0	32.542267	98.29397432	0	0
sim_meta-102	0	31.371182	145.3317238	0	0.847552	1.35171	40.976122	0	12.239126	0	0	69.663045	7.61808	0	166.572187	0	103.8462149	10.07996	20.2612	6.03181	0	10.07996	3.052809	0	10.295742	143.448133	0.260571	37.5810275	118.7842747	0	0
sim_meta-103	2.9128	38.184528	153.355369	4.48594	4.76215	4.10954	28.075844	0	30.468112	4.82596	0	35.28292	14.52804	0	119.797516	0	55.723264	16.36313	0	9.12811	0	8.70041	16.68377	0	38.57772	88.490435	10.27654	29.11185	75.902691	3.55616	8.69037
sim_meta-104	0	43.727138	118.588128	0	0	23.33798	27.676356	0	50.884356	0	0	9.252945	3.03393	7.47059	68.736179	0	26.57802	60.642667	0	0	0.664554	7.358187	0	0	28.602552	76.03744	0	15.363567	63.612036	0	0
sim_meta-105	0	43.031672	123.904081	0	0	0	34.93446	0	3.658725	0	0	16.62654	0	0	23.86584	0	5.22597	16.116032	0	0	0	16.116032	3.35781	0	29.065526	8.005009	0	44.382652	82.171177	0	1.07284
sim_meta-106	3.05934	19.7893	72.478673	0	3.48434	0	42.301021	3.80091	95.153267	0	0	5.67899	7.12798	0	61.97264	0	11.284571	12.32297	0	35.07383	0	8.45605	7.75695	0	53.0056	39.016912	8.78586	31.423569	166.736439	2.26673	5.78637
sim_meta-107	2.09871	30.607227	86.516276	0	0.829604	4.273985	20.535119	0	12.815239	2.55898	0	16.478594	0	0	39.7327764	0	24.727098	16.21686	0	0	0	11.30506	2.29409	0	10.322953	36.286005	5.9434	37.628778	106.9820552	1.97611	0.0587494
sim_meta-108	6.35361	26.358809	134.065726	0	3.81118	1.943337	17.714959	4.12217	45.41806	2.07786	1.428853	17.759095	6.33944	1.98889	76.161948	0	29.07387	6.944309	0	0	0	3.668586	5.65839	0	20.228857	51.525497	16.75313	40.045597	127.543039	5.38107	6.37511
sim_meta-109	0	5.400673	164.72478	0	3.44531	32.14446	13.126828	0	64.65584	6.12201	1.64132	2.607794	8.14884	3.00585	45.41898	0	47.51752	2.95413	0	0.373165	0	0	0	0	19.65485	7.96117	0	25.21482	158.636032	0	0
sim_meta-11	0	40.086986	200.067539	0	0	2.99325	48.492066	0	17.468687	0	3.2166	0	6.79531	0	18.317416	0	30.397745	8.04546	0	0	0	3.91537	17.58132	0	36.5047	18.282656	0	56.116692	133.512968	0	0.770638
sim_meta-110	4.98851	27.500196	92.289642	0	4.597007	5.435391	14.38775084	2.2854	10.044011	0	0	20.91608	6.28416	0	89.518567	0	18.726842	17.86003	0	16.94719	0	12.29489	8.591943	0	35.95328	41.688482	12.47698	25.432384	118.095115	3.59901	5.01514
sim_meta-111	6.47216	38.4246832	188.4339394	0	1.55861	0	6.3374636	1.65447	13.6591466	3.08363	1.538242	85.380022	0.566211	0	172.776242	6.22198	67.913499	24.816148	0	0	0	12.72307	20.008295	0	19.622958	147.267739	1.18715	42.889253	116.3831503	0.950841	3.11601
sim_meta-112	14.12079	50.68535	104.038941	0	3.93391	18.86605	16.119504	3.2739	31.716669	6.00001	2.73438	14.065777	8.824978	8.78494	119.8929223	12.2299	39.28066	78.17108	0	0.456225	0	13.44638	0.50633	0	19.33662	141.997096	2.45876	24.00577	116.483547	1.54854	0.0832283
sim_meta-113	0.367223	46.461469	171.999911	0	4.36	5.841013	26.609149	4.52181	16.628753	9.49584	6.900041	61.36297	5.959237	2.23008	214.051729	18.7906	98.821712	70.44645	14.6788	15.3307	0	26.53693	1.577353	4.18899	28.270392	202.651302	3.77997	34.643628	120.181457	2.35477	6.75157
sim_meta-114	0	25.090297	204.029054	0	0	3.59901	26.551567	0	9.587129	0	0	10.918943	8.302583	0	27.841398	0	18.743452	8.454777	0	4.68708	0	6.69234	1.13405	0	16.647724	17.330757	5.2396	32.123729	171.2092962	1.63794	0
sim_meta-115	0.826934	42.606793	129.568607	0	4.797024	2.774219	17.595966	1.33285	37.887097	0	1.87711	13.917261	1.72465	0	84.848099	0	51.282854	16.499654	6.20534	2.2772	0	8.194796	1.75918	2.36966	28.663783	62.238569	4.545538	19.69436	140.8771733	1.04069	5.85507
sim_meta-116	1.15686	53.75831	106.9548043	0	0.541446	18.83178	8.010251	0	25.27218	1.22955	0	0.275315	5.745217	6.38229	93.470933	0	35.994293	46.070429	0	1.421429	0.295357	11.105582	0.953489	0	13.125996	87.767287	0	28.459517	129.49118	0	0.437859
sim_meta-117	0.882439	24.722235	119.21387	0	1.13068	4.73336	23.733569	1.09361	33.0526859	2.38751	1.333777	7.920718	4.798262	0	39.375751	4.40494	47.4766427	29.167661	0	0	1.31339	12.53158	2.4516	0	26.037867	58.004104	0.913805	37.56176	79.872668	0.574598	0.787669
sim_meta-118	0	27.1963	78.961216	0	0	14.27332	15.770681	0	0.451904	0	0	10.4252	0.589504	6.9078	61.18042	0	15.38919	34.12306	0	0	0	0	9.04992	11.1822	16.58802	60.037914	0	23.32264	115.39048	0	1.58033
sim_meta-119	0	46.942131	125.068365	0	0	8.79326	54.986079	0	4.254375	0	5.0434	25.3151	0	0	91.254429	0	83.127773	0	0	0	0	0	0	0	21.210007	40.034789	0	38.3863	74.158316	0	6.803808
sim_meta-12	0	52.72129	61.21759	0	0	18.09448	47.097103	0	21.65875	0	0	0	2.561173	0	55.53489	0	28.65802	22.31473	0	18.4892	0	19.88487	20.738532	0	48.13845	13.88765	0	10.60191	111.963914	0	0
sim_meta-120	0	34.707453	82.078638	0	3.60008	0.551859	29.276167	0	27.528494	0	0	10.236062	2.85492	0	60.164873	0	37.355329	8.598349	0	18.878578	0	5.86586	16.690401	0	31.40593	37.206631	0	29.149529	115.216044	2.90708	0
sim_meta-121	3.47565	15.483808	102.241799	0	5.064574	0.548251	27.123042	4.4136	31.33631	1.11583	0.537748	58.804392	17.448034	0.940845	148.698754	0	40.52277	17.625628	0	4.677984	0	10.484387	4.97611	0	26.925655	108.193029	11.88346	42.26245	97.884446	6.6499	10.23857
sim_meta-122	0	53.9435199	146.5193828	0	2.53393	1.55984	24.18710266	0	22.1307524	0	1.14872	5.53503	3.06328	0	37.830465	0	12.833408	18.1005	0	0.187069	0	16.92555	10.7252589	0	13.4248	32.6274212	0	57.807323	125.51437506	0	2.31339
sim_meta-123	0	38.19048	103.334847	0	0	8.06679	8.926136	0	42.79996	0	0	0	10.05042	3.44439	59.407869	0	21.237073	36.00456	0	0	0	7.40038	7.518114	3.09573	2.11341	46.286982	0	38.537181	91.0839082	0	1.04765
sim_meta-124	0	42.522897	50.650978	0	0	0	16.205784	0	29.99115	0	0	0	0	0	25.657744	0	7.75468	6.233539	0	30.47817	0	0	14.27418	9.28035	18.1895	15.287176	0	32.92588	164.715617	0	0
sim_meta-125	4.9103	34.269982	172.0936566	0	6.155217	3.54299	20.8301548	3.18987	22.567643	5.86412	2.98053	28.742138	6.802312	0	85.353338	11.9159	68.142155	33.5989314	0	0	0	8.8249574	13.0787	0	32.0671667	89.521904	3.581368	24.0330289	154.1373562	1.72255	3.6403603
sim_meta-126	0	26.491327	145.0754088	0	0	2.667869	20.141624	0	37.106912	3.753774	2.431053	2.070371	20.546043	3.26384	59.347602	0	40.883966	10.32418	0	11.5711182	0	7.48732	0.759588	1.79872	27.059664	19.614751	0	26.8156242	111.5906807	0	0
sim_meta-127	7.74639	24.495266	225.284907	0	3.48807	0	20.791039	3.72171	16.464455	7.60815	3.40297	16.34709	8.375433	0	54.76823	14.9762	23.251159	25.722191	0	0	0	4.309421	4.0346	0	11.874674	69.98382	3.0252	50.05003	174.792051	2.09296	1.58685
sim_meta-128	0.151939	26.420134	93.760333	4.19211	4.18643	0	17.554535	0	31.381134	4.91193	4.38848	26.21085	6.136043	0	92.975341	0	81.494992	17.305792	0	13.269676	0.703652	10.52052	1.901285	0	25.96325	51.2130648	8.55098	50.2215148	134.667104	4.72077	10.59121
sim_meta-129	0	57.43291	158.43321	0	7.47309	0	29.018984	0	23.676945	5.34833	0	0	6.9216	0	43.14979	0	31.176287	7.640558	0	10.74824	0	5.89404	18.74075	0	63.11964	20.171794	0	34.541482	135.243007	0	0
sim_meta-13	0.848535	57.116733	98.6987826	0	0.77722	1.032754	24.328263	0	26.232277	0	3.181813	9.223208	9.6469837	0	61.743714	0	37.2047151	11.96365	0	9.87292	0	10.13976	5.289268	0	30.907046	35.181146	0	15.611094	148.8093011	0	0
sim_meta-130	3.870909	37.315053	120.21018	0	3.96703	0	38.741753	3.02245	23.3013303	4.06905	2.541737	13.548877	2.528329	0	63.646118	6.29848	35.43538	25.57129	0	4.4868	0	3.35201	4.105812	4.48914	26.605162	63.848113	6.08914	14.342934	90.41373	1.832477	2.97198
sim_meta-131	0	55.454938	127.640424	0	0	0	12.085526	0	13.589481	0	0	3.79387	7.4944	0	10.51974	0	22.001513	44.382124	0	1.6828	0	28.88148	3.86519	0	11.886	22.536299	0	51.415574	113.895386	0	0
sim_meta-132	2.96149	25.432457	162.794648	0	4.89065	0	22.049181	2.18723	34.259493	4.94358	2.3863	40.450891	11.065337	0	162.36391	9.39683	82.269184	42.357383	0	26.54977	0	25.890533	8.711016	2.59292	59.268853	87.189593	1.92749	30.131129	95.1272309	1.38442	0
sim_meta-133	2.12217	16.399042	92.59544	3.66821	7.65063	3.62897	40.422235	0	31.472899	2.98359	0	42.96373	5.580354	0	157.29085	0	73.353734	8.30161	12.86	6.72021	0	2.6441	1.37049	0	15.56168	120.57069	6.81524	28.224139	111.884802	2.39015	5.61799
sim_meta-134	1.55876	26.491321	145.01853	0	6.5911	1.5796	12.308535	3.68367	13.932851	3.43639	1.87041	38.02555	14.0269	3.65206	91.619643	0	21.51981	16.5049	0	0	0	1.55941	5.8207	0	21.21979	101.087432	12.920551	22.79645	103.922664	3.60207	7.3141
sim_meta-135	0	35.684821	58.767918	0	0	0	31.783291	0	32.472567	0	0	5.60157	10.468198	0	15.179669	0	27.39115	1.28413	0	0	0	1.28413	9.845577	0	18.68673	8.993268	0	23.67127	94.186735	0	0
sim_meta-136	0.548272	72.336916	65.154789	0	3.01839	0.932499	21.213865	3.398	50.249163	2.06394	1.28797	6.07622	9.904786	2.44388	60.238005	0	13.798718	20.42441	0	3.83185	0	8.90124	9.251484	0	27.939465	37.593147	7.61392	37.074454	104.921464	1.90295	5.02149
sim_meta-137	0.999429	53.969373	147.745891	0	5.761703	5.98365	30.71289	0	41.816392	0	3.56307	16.288555	5.98653	0	55.086851	0	38.729424	24.173607	0	6.55008	0	18.41938	14.26754	0	22.2081	24.808659	0	27.353001	166.494595	0	0
sim_meta-138	0	38.41817	91.148668	0	3.04716	1.0403	26.621802	0	22.016832	0	2.348988	16.928063	7.407086	0	42.41034	0	23.0957217	12.311708	0	14.05315	0	4.33769	4.911031	0	16.21885	23.638181	4.46357	26.982189	123.8830272	1.29766	7.154304
sim_meta-139	0	24.840837	253.342743	0	1.99264	0	16.558568	0	47.691061	0.84958	0	15.86902	8.878631	0	59.767297	0	21.616874	13.584022	0	15.04554	0	10.81885	10.76775	0	29.63591	19.168211	0	30.466286	136.661686	0	0
sim_meta-14	0	32.018414	156.128896	0	0	6.07518	21.249422	0	11.296644	0	6.08786	43.7185	18.26017	0	70.042772	0	45.714934	0	0	4.90537	0	0	6.35597	0	18.917526	43.674136	10.36747	44.990118	142.497483	3.37969	0
sim_meta-140	0.324384	38.055219	102.7351897	3.07291	3.545336	1.083541	41.119085	0	28.166563	4.413948	1.085882	10.171623	6.595483	1.018578	63.697959	0	27.475194	16.185378	0	7.51554	0	9.11878	11.55047	0	24.993254	43.046249	7.0874	52.870188	90.61489978	3.05011	8.125422
sim_meta-141	5.479957	22.464048	158.6024691	3.84998	6.470707	0.562291	27.8245651	0	6.395052	3.76661	1.57158	38.851708	2.890917	0	146.987604	0	52.151239	12.43926	5.70258	10.81126	0.572749	5.432756	0.663003	0	16.9985167	100.850988	7.95212	40.564905	146.467628	2.94306	6.69153
sim_meta-142	0	21.619132	150.0658038	0	6.4805	1.09175	32.2418357	0	18.4344989	0	1.02596	11.3888756	0	0	35.228313	0	21.054624	17.81404	0	0	0.885939	11.92646	16.49597	0	24.497229	20.089944	0.447831	18.599223	105.0462464	0	0
sim_meta-143	0	54.80941	162.60662	0	2.46674	10.41541	30.3125267	0	26.565702	2.7459	3.2586	18.215385	19.410046	3.14273	36.989869	0	14.8922927	18.618381	0	15.43355	0	13.31125	1.46766	0	30.920731	37.269472	0	20.4640952	119.43736918	0	5.230598
sim_meta-144	0	11.1389	114.52674	0	0	0	29.51227	0	9.77619	0	0	0	0.393733	0	86.466496	0	76.551	24.71876	0	30.9674	0	24.71876	0	0	49.93558	35.024616	0.519042	21.149871	82.012388	0	0
sim_meta-145	1.54926	29.791165	95.8017569	0	0.36862	7.59321	20.9835986	0	13.616051	0	0	0.97951	3.5934	0	18.7305188	0	28.081095	7.85242	0	0	0	4.61965	13.949341	2.17329	17.745539	8.705604	0	37.541601	118.7567619	0	0.7358218
sim_meta-146	0	23.142119	148.150381	0	0	0	29.372092	0	24.688963	0	0	7.40063	2.3604	0	52.440268	0	40.30841	20.74473	0	6.01626	0	2.82952	0	0	20.665832	18.739873	0	4.10915	92.121168	0	18.96957
sim_meta-147	3.65297	27.965003	107.885413	0	7.1915	20.90837	26.766065	1.90976	9.145461	4.04482	4.69586	23.812935	7.663066	6.16956	133.779362	7.86156	43.3233217	77.60274	0	9.35385	0	25.10794	8.39264	0	36.684435	100.1471382	1.76117	13.6839192	73.8574194	1.10683	3.23509
sim_meta-148	13.15533	23.049891	242.535253	7.14557	22.49853	24.31974	21.391726	0	25.9925	6.96371	0	21.71808	2.724135	10.9699	178.93058	0	40.580714	78.75077	0	10.957603	2.94162	12.48131	24.547241	0	57.605669	153.00391	14.21234	42.49581	126.886334	5.26346	12.1872
sim_meta-149	0	13.86914	115.131073	0	0	3.569858	33.949418	0	64.172827	1.09229	0.696904	2.2266516	22.964799	1.33425	31.06655	0	35.9902941	10.419768	0	13.956659	0.384255	7.06105	0.253412	0	26.520831	23.81659	0	32.935535	135.901472	0	0
sim_meta-15	2.06676	58.092052	100.0582174	0	9.10177	7.765854	26.5838342	3.31496	29.096098	0	0.407811	8.294322	8.993393	0	78.764254	0	20.856293	11.445302	0	0	0.496929	7.43236	4.305277	0	32.253449	57.49423	9.68933	30.13321	136.0402333	4.46181	7.73374
sim_meta-150	0	39.38061	112.33504	0	0	7.95737	26.72139	0	36.82419	0	0	0	24.93706	0	72.703593	0	5.655593	9.64379	0	6.28832	0	9.64379	13.46528	2.16687	41.9193	9.716275	0.447071	48.392315	119.898736	0	0
sim_meta-16	0	63.584287	63.9960457	0	2.83372	0	10.346315	0	15.153913	0	0	6.84959	7.696171	0	26.772615	0	39.447935	17.510868	0	0.078561	0.750017	2.27078	6.050465	0	19.025489	20.001357	0	13.445376	101.57895305	0	5.127356
sim_meta-17	7.42699	39.929265	70.355486	0	4.61252	14.50326	17.175645	4.55009	19.55027	0	0	13.50888	0	6.75449	93.632664	0	27.330524	40.81086	0	1.574802	0	8.48939	7.31204	0	38.71032	102.81414	11.75393	38.870588	96.015294	3.08916	7.96131
sim_meta-18	0.841452	46.562338	156.090161	0	5.680775	4.110824	15.0601228	3.19261	21.143384	0	0	7.661892	11.227053	0	58.982415	0	31.53217	27.859095	0	3.3063713	0	18.248325	10.96406	0	34.229269	41.195171	8.07496	27.6377101	118.1197739	1.82282	6.93176
sim_meta-19	2.15926	47.69321	137.223641	0	7.74842	0	11.07479	8.05912	17.274071	16.35449	17.12098	66.806863	9.10962	0	159.71008	30.7819	70.456799	47.76477	0	5.221	0	3.94692	6.97144	0	10.96514	171.06163	6.47762	38.949614	137.407518	4.29481	0
sim_meta-2	5.26933	34.668906	177.995456	0	2.02196	4.6499	11.494609	0	20.59438	0	0.368861	57.21518	1.81437	0	129.004791	0	38.973436	32.04925	0	9.46215	0	20.42416	9.5748	0	50.412596	69.195396	0	11.37331	50.434201	0	6.35576
sim_meta-20	0	29.772924	141.1177454	0	0	1.98273	20.879822	0	15.731177	0	0	21.3628	9.971117	0	56.865729	0	37.1475369	14.92552	13.1125	3.86516	0	7.75764	1.23673	0	16.1843619	59.766831	0	17.880871	138.0441912	0	0
sim_meta-21	1.16984	36.905153	97.1504575	1.09987	6.404158	1.07443	28.674989	0	20.846068	0.976206	0.15531	17.329943	6.688652	0	85.9211433	0	53.632885	6.07515	0	7.2105313	0	3.73286	7.156011	0	19.439225	45.3016583	2.32542	30.11637	122.1748542	3.618629	4.00148
sim_meta-22	0	20.40541	162.335311	0	4.37216	0	30.9452167	0	11.692583	0	0	0	2.256696	0	48.179694	0	51.4156572	17.68945	0	0	0	5.96869	0	0	9.712944	43.552894	0	44.718179	117.220727	0	0.524905
sim_meta-23	13.4298	35.159308	108.983553	0	7.20569	8.47534	14.578061	3.66733	30.053737	4.67016	2.56193	12.50186	13.893373	4.73565	44.112281	0	23.291835	34.338298	0	2.11409	0.46384	6.76857	8.535997	0	25.53434	49.421489	8.92459	31.803129	120.10777012	2.16276	13.37893
sim_meta-24	9.3095	47.31525	98.156197	0	7.971594	2.64833	29.534696	3.78668	10.764176	0	3.49947	20.932637	3.27409	0	93.646917	0	29.15174	35.00084	0	3.413803	0	9.71755	6.83669	3.51796	26.00702	53.474252	10.02967	19.908463	110.3292924	2.46105	12.5047
sim_meta-25	0	31.0400092	91.99514	0	0	4.68174	10.0574835	0	22.965459	1.98534	0	3.213238	7.06597	0	55.243783	0	8.965782	15.54599	0	3.83404	0	10.47851	3.53617	0	43.630285	20.021002	0	39.7645132	125.06176355	2.81841	0
sim_meta-26	0	19.603161	142.043898	0	3.2165	29.9927	36.245832	0	17.93834	0	0	0.796594	0	0	11.524897	0	6.120965	10.8903	0	0	0	10.8903	23.64798	11.0964	67.6871	4.54003	0	15.247941	117.802991	0	0
sim_meta-27	3.99888	47.891856	92.9567081	0	1.11909	1.59737	23.228849	0.920346	16.797623	0	2.09027	39.433874	2.226446	0	92.495441	0	60.869681	20.508163	0	5.879504	0	1.03457	0.158219	0	16.8934117	61.7671737	2.097868	21.7733	119.8905902	4.824953	9.22717
sim_meta-28	0	44.56642	103.622531	0	0	0	17.999795	0	3.3563	0	0	9.80907	16.660021	0	24.262256	0	23.9218	11.91038	0	0	0	2.17165	1.30065	0	4.33447	14.990825	0	12.105739	111.575819	0	11.3982
sim_meta-29	0	21.2556	64.625216	0	0	13.21866	51.938439	0	63.49325	0	0	16.37682	5.32677	5.41485	130.22696	0	59.529675	35.693077	19.3427	2.513783	0	0.597157	10.21942	5.83408	12.95721	130.22863	0	20.45876	89.665013	0	0
sim_meta-3	0	34.901515	98.626778	0	0	4.56805	30.769248	0	10.812766	0	0	51.21758	0	0	116.924467	0	60.640395	18.97046	0	0	0	5.59295	12.363599	9.47658	12.68547	116.124427	0	30.371388	91.08321	0	6.05369
sim_meta-30	0.547941	49.99308	231.678782	4.68778	4.43347	15.73442	14.642638	0	21.48282	4.70809	0	22.99904	12.907645	0	62.262094	0	33.21343	36.70825	0	12.90785	0	34.5193	25.074498	0	85.87136	31.74795	9.50159	43.06939	120.325329	3.62309	8.38237
sim_meta-31	0	21.746338	87.269362	0	5.69529	5.63485	36.290401	0	47.030015	1.68625	0	20.05324	7.525032	0	108.25293066	0	64.571828	10.990283	17.1112	7.19162	0	0	0.228793	0	24.860505	80.601488	0	4.31873	110.07551346	2.14226	8.05384
sim_meta-32	2.58173	36.617747	195.779465	0	1.11609	0	19.8259475	0	51.774459	0	3.39806	30.194204	6.48502	0	76.533071	0	25.068436	5.17239	0	0.429753	0	0	16.52753	0	12.18183	48.272277	6.46776	28.267565	157.056457	2.28668	6.29381
sim_meta-33	5.44311	22.178645	112.721494	0	0.714273	0.823056	27.38838	0	25.623105	0	2.7088	54.357115	18.64693	0	131.688851	0	62.0380521	15.99792	0	9.18418	0	4.903695	14.544325	1.8558	34.198843	92.32979	0	23.9422927	118.9961524	0	0
sim_meta-34	2.55276	26.285696	152.247978	0	10.30092	0	32.213362	5.98358	32.074093	15.18534	10.34366	63.303352	8.96512	0	153.562559	25.7239	97.181303	40.44007	16.7139	0	0	0	6.491783	0	20.169014	164.480876	5.59201	15.042736	139.35477628	3.50239	0.12729
sim_meta-35	1.71318	33.7797417	110.737412	1.79101	4.12502	6.856041	30.361308	0	28.336419	2.75841	2.061612	7.6673177	11.557706	3.844763	54.5943588	0	28.8106077	32.36046	0	5.97318	0	5.71766	2.285767	0	13.680469	43.740613	3.37706	22.307885	122.194485	1.374	3.0582508
sim_meta-36	0.870251	24.359874	99.441914	0	2.07979	0.604682	21.509433	1.94188	16.875307	5.34087	2.659789	17.455339	8.969099	1.817142	56.06413	7.17565	21.744049	36.177941	0	8.77641	0	6.893262	3.323695	0	21.19152	50.427683	7.661144	16.17767	132.9632655	2.949671	0
sim_meta-37	0	30.0940244	139.7091084	0	2.14194	3.68816	38.198119	0	18.139939	0	1.16548	21.173985	13.332444	0	90.809984	0	64.952038	19.160512	20.9089	1.78658	0	8.45922	3.936274	0	16.901576	78.393781	0	27.3803216	131.1689176	0	0.804847
sim_meta-38	0.38163	45.065538	124.049278	2.98497	8.83013	0	14.2443762	0	49.38181	6.63195	0	29.68414	0	0	86.229617	0	33.547498	19.99994	0	6.59107	0	11.50021	12.45661	0	38.9330418	54.819346	21.23605	25.672339	143.0920621	8.23437	5.21694
sim_meta-39	0	33.037825	71.564736	0	0	9.43942	16.944014	0	33.382446	0	1.06571	6.98228	5.21746	0	45.486696	0	26.337625	12.209287	0	10.7107	0	5.834657	7.018207	0	16.789965	29.664527	0	18.857354	111.032326	2.60514	0.142705
sim_meta-4	0	39.205869	118.986903	0	0.91416	3.87306	21.8371386	0	3.358178	0	0	16.140076	11.24549	0	52.557056	0	40.556536	18.55589	8.38327	4.329098	0	4.25604	3.75432	0	15.048484	41.417779	0	22.998167	109.4801491	0	0
sim_meta-40	0.290759	31.559797	103.745917	0	1.18378	2.156209	21.806474	1.25912	25.7294255	2.39312	1.793492	29.537485	7.534541	0	89.833942	4.49224	44.426222	17.03092	0	2.787636	0	5.727095	3.482272	0	23.493829	68.258853	0.931392	21.879566	77.77877	0.624235	0
sim_meta-41	0	44.741372	166.008562	0	2.80542	2.97637	30.674331	0	20.266539	0	0	11.72607	8.0382	0	61.41886	0	42.695838	19.58911	12.2945	0	0	9.32671	15.491857	0	18.581788	42.906601	0	18.113854	112.114472	0	10.2624
sim_meta-42	0.655956	32.173593	188.2244451	1.38118	4.0304	3.717061	23.675285	2.35922	15.009639	7.14498	8.163098	41.29136	11.810881	0	98.162952	10.8029	33.908282	22.568324	0	1.5542	0	4.128354	7.833688	0	17.8376257	102.676257	6.13227	28.174718	117.831199	4.93084	3.01284
sim_meta-43	0	22.9949498	114.7170576	0	0	0	16.20348666	0	19.459291	1.64004	0.0970688	21.40051	17.483649	0	71.512775	0	48.0447	26.576879	0	17.965252	0	15.427567	3.87489	0	30.262957	46.980995	0	29.68754	131.45962161	0	4.51156
sim_meta-44	0	63.3874903	192.9666199	0	0	4.849503	17.7938199	0	14.7727673	0	0.9697665	8.851123	8.575263	0	29.3694435	0	11.7342118	17.405728	2.84578	4.57001	0	12.520155	17.203756	0	35.5662911	19.7886455	2.088608	40.099462	149.9056059	0.481345	0
sim_meta-45	0	35.159115	125.743033	0	1.76022	1.55996	13.519626	0	22.37543	0	1.78949	1.16122	9.917147	0	30.289107	0	22.869619	18.244757	0	7.170125	0.315303	14.938892	16.004611	0	30.222368	30.620731	0	23.437062	98.849433	0	0
sim_meta-46	7.97808	17.784529	78.077541	0	1.98567	0	42.46934	0	24.24623	0	0	1.59958	10.53021	0	41.18737	0	25.21534	18.529935	0	8.897728	0	10.551855	10.59728	0	28.069741	10.47528	0	14.63384	98.104872	0	1.2952
sim_meta-47	0	27.087283	103.883235	0	0	4.32693	26.61215466	0	44.765989	0	2.49683	17.15485	10.153582	0	70.396393	0	29.29405	14.022341	0	16.6529791	0.469189	9.30851	8.41057	0	38.391921	24.276047	0.385898	19.66515	125.85458776	4.83438	0
sim_meta-48	0	31.3959914	178.339418	0	4.04808	1.93263	25.125368	0	28.429521	1.43383	3.19586	9.936464	10.373172	0	65.385099	0	36.48461	11.426264	0	2.37072	0	11.426264	8.95862	0	25.059295	46.317073	0	43.391432	120.095233	0	0.989779
sim_meta-49	1.78239	22.796893	110.738442	0	2.44671	0.640697	32.203992	2.82482	36.867686	0	0	11.09145	2.748789	0	60.122423	0	26.806387	5.879513	0	2.5726	0	2.69187	0	0	20.06028	45.588551	6.82141	18.195055	98.860825	1.66875	4.42663
sim_meta-5	4.53748	32.15522	216.578306	0	1.78971	4.58619	5.703792	0	6.323356	0	1.39812	42.56205	0.622534	0	107.775361	0	49.906731	21.1698	0	0.263849	0	1.71319	0.940553	0	12.183261	65.997336	0	48.895227	164.609784	0	0
sim_meta-50	2.05761	34.829393	133.61911	0	6.57252	3.564599	33.261413	3.602	24.278894	8.14941	6.183256	43.42611	18.737821	2.270348	121.703689	13.3468	62.527351	39.469811	6.36929	10.67172	0	8.725162	8.919904	0	30.155288	115.541434	2.78888	19.059722	99.096654	4.82471	0
sim_meta-51	2.77952	44.082063	103.146791	0	2.679703	12.28417	29.789837	1.01369	15.247101	0	0	6.947072	4.848708	2.59829	55.65197	0	13.595084	37.408598	0	0.116668	0.358497	15.414443	10.397814	0	44.157459	39.142558	2.75106	18.663244	91.6037034	3.578192	3.06034
sim_meta-52	0	23.659187	211.606319	0	0	0	16.924896	0	24.222345	0	0	67.48569	21.27212	0	170.441963	0	109.598093	3.45987	36.4914	0	0	3.45987	0	0	0.167573	160.840566	0	19.123476	139.053559	0	0
sim_meta-53	0	18.884529	153.8676322	0	3.00958	4.02024	18.707738	0	48.3186911	0	0	7.6957	10.335863	1.75797	62.427719	0	26.643108	15.26098	0	4.1946705	0	6.52106	6.446696	0	21.23845	25.057897	7.44284	24.598316	147.822097	2.40869	5.883712
sim_meta-54	0	20.2353117	142.3834972	0	3.108844	8.300544	22.761953	0	14.740932	1.37914	0.8934857	18.937132	8.728203	2.42014	93.166852	0	35.422011	17.103228	0	3.12185	0	1.2862	10.354869	0	19.254211	73.612279	0	27.6603095	135.689766	2.74112	0
sim_meta-55	1.99701	47.32718	90.605307	0	0.643032	0	23.936441	0	39.379305	0	1.93913	14.017394	3.797527	0	36.524903	0	26.38572	10.876913	0	1.14526	0	2.024212	4.890896	2.8517	19.301153	23.474673	0	22.748771	125.639735	0	6.396603
sim_meta-56	0.476011	8.689125	118.361963	2.33507	3.020569	1.04803	24.14982	0	15.695584	3.38607	2.882222	28.4067	12.173093	0	155.214427	0	76.873103	13.56036	19.1771	25.07852	0	13.56036	13.292781	3.15062	43.354939	109.5147	4.61041	13.96836	76.549832	1.59203	3.80237
sim_meta-57	0	55.97839	212.601252	0	4.19644	0	13.294839	0	10.865819	0	0	15.145	3.275169	0	16.073931	0	14.950172	4.56634	0	10.177013	0.466482	3.51287	16.74894	0	9.25644	9.988253	0	31.746103	128.026901	0	0
sim_meta-58	1.51827	26.877246	98.991495	1.31936	6.48855	0	62.960013	0	21.528297	1.22555	6.224	29.2807	13.36431	0	137.690547	0	50.119589	24.44334	0	35.08186	0	24.44334	6.67098	0	56.006883	41.040837	3.13086	10.932754	83.383984	6.6046	2.29242
sim_meta-59	0	59.41228	144.0699	0	0	0	53.91571	0	15.233835	0	0	0	0.467571	0	99.84218	0	15.77865	28.72181	0	5.37322	0	13.69011	9.73514	0	55.64014	64.033887	0	19.645767	95.91679	0	11.5825
sim_meta-6	0.529528	30.039544	210.149605	3.07593	3.99036	7.961017	18.4661109	0	19.558901	2.9938	0.824762	21.67209	3.862843	3.19662	115.96518	0	68.953186	38.57487	12.7523	4.93825	0	16.11131	0.966008	0	17.746682	85.716771	6.858912	17.639287	88.9444591	2.27206	5.32207
sim_meta-60	0	35.5446893	117.5047597	0	0	1.352564	16.8490426	0	23.283285	2.385988	1.433152	14.139339	17.83456	1.710074	72.0876658	0	49.617179	16.939341	12.4051	5.92264	0	9.503911	8.937396	2.45924	28.013744	45.7971508	0	21.167826	108.6276163	0	0
sim_meta-61	0	41.150904	90.92563	0	0	0	24.057405	0	22.563062	1.15199	0	0	13.930883	0	25.440112	0	29.74452	18.39107	0	6.93033	0	18.39107	0	0	14.196929	8.91674	0	7.205294	82.836786	0	0.171352
sim_meta-62	3.18289	41.308241	180.768485	0	4.928304	0	14.2583132	0	27.193193	0	0.077655	15.080577	9.8213	0	46.788924	0	59.823138	5.47864	9.79444	1.89702	0	2.29575	7.520457	0.971734	14.6166114	54.844733	0	33.250503	142.820141	1.53847	0
sim_meta-63	0	52.4192954	156.3349107	0	0	4.62974	24.505482	0	7.265838	0	1.25639	23.12505	9.593642	0	62.2019063	0	24.244688	10.703477	0	1.19171	0	5.671867	13.999815	0	18.7611536	46.1200702	3.326874	41.30558	110.10496124	0.872641	0
sim_meta-64	0	7.50779	329.921772	0	0	22.7783	31.956619	0	10.856849	0	0	0	0	10.5641	83.20696	0	5.70144	62.51333	0	0	4.83271	0	0	0	7.76368	103.627679	0	48.25206	163.01593684	0	0
sim_meta-65	0	44.525498	100.12133	0	10.0545	0	26.66935	0	34.706752	0	0	0	15.97016	0	54.606631	0	34.4391	26.07312	0	0	0	18.36001	8.726958	0	10.70424	57.48039	0	8.715399	72.099042	0	0.254581
sim_meta-66	1.827306	28.4701375	156.8178472	1.04738	10.48025	0.40528	27.141557	5.98513	21.5617893	1.73462	0.473734	37.3872714	13.454679	0	128.3103279	0	37.801746	28.3347	4.79578	14.325164	0.266891	8.59699	3.132387	0	36.14515466	102.60636	20.797049	53.814532	118.1860166	5.89399	13.6536599
sim_meta-67	0	35.6329974	81.6806049	0	6.29813	6.533169	33.17497637	0	21.4892961	1.91304	1.12711	19.312016	18.401264	2.12798	91.417477	0	55.704993	19.08522	0	2.306741	0	10.32103	0.755715	0	17.163649	63.853591	0	24.443868	93.0922554	0	0
sim_meta-68	2.189469	23.6714541	218.723496	1.28551	2.51232	4.89158	21.1609709	0	33.430553	1.79241	0.112061	14.180059	0	1.98812	71.706432	0	45.621981	22.935306	0	4.32797	0.13262	3.950318	3.662777	0	11.9312991	60.443604	3.16856	40.536485	153.55475	1.10467	7.39255
sim_meta-69	9.348775	29.82749	109.466895	0	7.547828	17.07157	22.833251	6.17491	17.4761974	9.00376	3.67609	33.227042	4.090249	3.78148	158.7089941	15.5243	79.741044	62.513079	10.2623	7.763013	0.272175	5.96169	3.438003	0	32.412914	180.1991748	11.60417	22.30855	124.16045451	3.82906	6.46091
sim_meta-7	0	29.476353	167.527872	0	9.38449	6.64116	29.834789	0	20.6873944	0	2.47549	10.458389	11.35448	1.87755	58.340589	0	19.979561	17.420761	0	0.987623	0.310151	4.142701	11.007424	0	25.9466429	44.678573	0	23.07412	108.556366	0	1.274374
sim_meta-70	2.80433	35.66188	169.49516	0	1.33124	0	28.389474	0	18.885448	0	0	1.39061	3.00901	0	42.76569	0	40.220473	26.15466	0	0	0	8.05347	4.12226	0	32.60604	37.456787	0	30.288619	57.861296	0	0
sim_meta-71	4.78381	30.03811	183.572997	0	1.40944	0.982878	22.155975	0	33.697357	0	0	2.52093	2.265049	0	25.418426	0	37.713727	40.74044	0	6.45495	0	12.17814	0	0	12.540217	27.59403	0	49.340315	155.578782	0	4.61257
sim_meta-72	1.67762	34.006239	133.0585713	1.39563	1.784967	8.80944	16.8958123	0	34.618634	1.30076	0.232965	12.605821	7.915998	2.64399	60.482492	0	29.349908	33.097275	0	4.159188	0.329437	11.941569	5.3170234	0	25.5971742	50.1944211	2.88351	34.2147	112.5534091	0.927673	4.317117
sim_meta-73	0.354479	4.802972	135.404149	4.98698	4.73265	8.93602	20.6103528	0	10.614773	4.01394	0.179145	13.03337	0.360545	0	106.048284	0	36.744513	8.24453	0	7.971049	0	0	1.89477	0	21.212981	89.290651	9.7956	22.411498	141.455827	3.77437	9.257464
sim_meta-74	0	45.456701	174.8153148	0	3.65554	5.136913	18.474114	0	19.0550442	0	0.687195	2.11357	2.68949	1.73158	28.695735	0	23.26504	34.52639	0	5.5282259	0	16.98865	3.6768	0	19.822983	35.346794	0	10.878043	109.9801371	0	0
sim_meta-75	0	33.392141	149.333434	0	0	4.72852	22.882073	0	29.584091	0	0	0	11.20302	0	41.08255	0	25.550846	9.28321	0	3.663001	1.67149	6.34853	11.7912	0	32.33577	12.410469	0	27.607988	127.75990222	0	0
sim_meta-76	0	47.361612	107.788585	0	3.72332	0.132751	34.094885	0	28.7593289	0	0	3.1548	7.397458	0	27.255123	0	19.936381	16.47975	0	6.37524	0.62017	7.37029	4.52038	0	19.86437	18.44257	0	18.018426	92.880921	0	0.370777
sim_meta-77	0.115277	19.8460582	155.862081	0.695674	0.887505	8.52912	29.893269	0	41.528667	6.438831	1.17012	12.265269	1.356864	0	39.282471	0	39.803658	16.85483	0	25.10378	0	16.85483	0	0	18.166236	16.78909	1.60795	11.926602	81.3865392	0.603305	2.234353
sim_meta-78	1.800978	27.070427	104.05398	0	7.163086	5.43905	27.6570012	2.70274	27.197272	8.10512	4.816191	21.412162	23.961219	1.909872	85.750267	11.8747	47.545243	28.157528	7.32052	2.98904	0	4.45056	1.033458	2.51564	26.414271	100.2078122	2.43062	14.159288	117.2512609	1.78108	0.591266
sim_meta-79	0.910597	31.22609	206.646891	2.30172	6.37606	1.43274	19.574109	0	18.326043	5.15675	2.071473	18.96077	18.064539	3.35113	58.700596	0	30.4059335	18.132548	0	8.47478	0	7.735278	5.977542	0	15.049578	35.961422	4.72353	24.853548	142.147814	1.58329	3.978745
sim_meta-8	3.25304	39.147265	136.937716	0	2.38806	0	18.211125	2.41213	26.249862	5.13027	9.25684	32.88164	2.082413	0	70.759033	9.84617	47.242678	25.573635	0	0	0	8.81934	18.56337	0	41.547162	61.530282	1.93177	51.93212	151.246354	1.19529	0
sim_meta-80	0.912293	30.561593	115.306487	0	4.10909	8.437096	20.468387	0	20.317643	0.419441	0	4.560572	4.286461	0	36.523192	0	41.820827	13.606713	0	0.121439	0	10.08815	9.93751	0	25.995352	10.206338	0	17.76939	132.989039	0	0
sim_meta-81	8.08021	57.871177	148.097339	0	4.672113	0	26.45953	0	22.35093	0	0.46468	37.474792	5.88481	0	97.353581	0	59.909697	24.94633	20.1822	2.922424	0	0	5.94663	0	21.566184	60.774356	0	19.718456	170.924991	0	7.513502
sim_meta-82	0	36.53867	54.031049	0	0	12.8854	52.536988	0	20.17017	0	0	5.43169	5.77608	0	21.51194	0	13.283143	5.00605	0	3.29284	0	5.00605	12.79123	0	58.55733	11.51357	0	12.48539	80.15704	0	0
sim_meta-83	0	28.69831	120.12056	0	5.23841	3.56003	22.240407	0	23.5488	0	0	3.48328	5.59067	0	72.111687	0	14.85385	8.47334	0	0	0	4.98314	0	0	32.94331	12.035351	0	28.451861	102.493305	0	0
sim_meta-84	0.250758	29.8563839	153.1632412	2.66182	6.71422	2.95043	29.1761076	0	27.1837922	2.21789	0.0970687	62.15734	10.598326	0	193.758129	0	87.6049276	7.11364	15.163	11.5288	0	6.01268	0.368299	0	30.540463	143.882978	5.42214	44.2044228	95.011255	2.14026	5.578427
sim_meta-85	9.69196	51.044336	100.6594907	0	3.48958	9.13725	28.774786	4.40311	22.924884	8.05851	3.89948	21.63864	0.298153	3.71248	91.216148	16.6783	56.768692	67.49873	0	0	0	14.14016	9.25827	0	14.679622	128.984095	3.40145	34.4079858	100.9054817	2.37031	0
sim_meta-86	0	52.979942	75.3807381	0	0	4.61795	18.586349	0	25.6401401	0	0	4.303793	11.215893	0	25.269277	0	21.6016089	25.645021	0	5.55058	0	10.388687	16.099883	0	21.9299199	32.29544	0	12.8057466	121.7568261	0	5.229097
sim_meta-87	0	22.63865	91.478	0	0	0	28.89006	0	25.76752	0	0	0	6.52489	0	90.07766	0	39.89017	39.6536	0	44.00135	0	35.86322	0	0	68.72715	55.71962	0	17.16122	68.563012	0	0
sim_meta-88	0	29.216909	102.327782	0	2.59444	0	18.200762	0	10.380008	0	0	0.349549	17.345681	0	58.687253	0	7.331217	17.18473	0	18.215179	0	17.18473	7.527023	0	30.473087	14.783326	0	23.966169	99.518611	0	0.246485
sim_meta-89	0	41.004496	184.03212	0	0	0	41.227203	0	22.07729	0	0.678231	23.77046	0	0	70.506416	0	45.522128	24.1321	0	6.979716	0	15.3606	11.2349	0	45.517356	38.232468	26.08669	26.00505	171.594958	8.95542	8.7715
sim_meta-9	7.55442	29.450619	202.042221	9.15297	11.91333	7.96223	16.40677	0	33.15074	8.95049	0	24.68158	8.30292	0	136.88696	0	51.20413	11.909	0	18.0783	0	11.909	10.59287	3.24198	52.170649	76.23155	19.41751	28.483123	114.448245	7.41227	16.6841
sim_meta-90	0	40.150822	142.4963063	0	0	4.825	23.532834	0	36.051066	0	0	0	8.417786	0	14.162398	0	28.029724	21.178559	0	9.23054	0	19.357299	17.301562	0	30.96155	10.253243	0	24.582819	113.4010511	0	0.50432
sim_meta-91	0	71.834146	158.2952524	0	0	6.31867	13.24734	0	14.647351	0	1.69217	19.9761846	14.921832	0	103.665828	0	37.2384238	31.25021	8.12148	7.82498	0	25.12544	9.22066	0	51.981664	74.792544	12.30142	57.6979937	129.040549	3.41991	0
sim_meta-92	0	28.107618	103.018649	0	0	9.15653	5.294589	0	17.412632	0	3.70908	15.88413	1.25126	0	51.57549	0	12.185196	0.608858	0	14.83796	0	0.608858	3.048744	0	6.84	24.708245	0	13.92859	118.331834	13.1938	0
sim_meta-93	8.74684	36.4935944	87.079997	3.15792	13.6478	4.91267	31.65233598	6.20939	38.311908	16.8571	5.96885	39.8584	4.92661	2.04973	156.6599182	25.3373	61.919711	55.730522	0	6.78923	0	5.65824	0	0	18.294898	159.2310502	14.596446	21.98602	134.2437919	5.42521	9.00124
sim_meta-94	3.797979	29.452696	193.9969016	0	4.938394	3.692148	24.767933	2.40292	42.3555737	1.4685	1.810888	30.557893	18.154602	2.50099	108.604478	0	24.8723987	22.374903	0	5.65819	0	5.117809	4.57246	4.23815	20.687904	83.191831	5.48292	34.05232308	113.05461297	1.5964	4.253027
sim_meta-95	0	26.54684	218.819388	0	0	17.0791	63.394268	0	15.09881	0	4.0301	12.4121	0	0	128.20538	0	25.941354	20.7021	0	30.8534	0	20.7021	10.8954	0	63.03232	51.067111	0	37.060521	147.793705	0	0.441266
sim_meta-96	1.46046	31.749956	165.552115	0	3.55565	2.504833	20.957156	3.32153	13.71661	0	0.539839	15.89976	6.6023	0	87.680124	0	25.3600177	0	0	7.78296	0	0	24.381893	0	22.248772	49.309374	9.405721	33.505351	150.3363	2.12718	5.87592
sim_meta-97	0	20.068936	166.38775	0	11.8955	0	41.015555	0	11.698854	0	0	0.563161	11.598593	0	149.610266	0	15.1603	36.8581	0	54.4522	0	36.8581	1.8724	7.93445	72.742078	38.788876	0	25.35356	68.516767	0	0
sim_meta-98	0	36.027197	108.3233526	0	0	5.257201	17.774568	0	60.042065	2.25417	2.879159	24.52305	8.882781	0	80.897305	0	42.80639	20.488072	10.7809	4.23494	0	15.671212	7.026277	0	33.060599	47.259905	0	9.64986	77.251829	3.86688	0.121401
sim_meta-99	0	44.03108	106.933129	0	0	9.10944	38.195468	0	27.498845	0	0	31.55559	0.826299	0	81.6177343	0	36.157276	15.428511	0	1.61915	0.14966	15.12398	2.45277	4.68606	30.43599	64.482641	0	23.819962	45.07341	0	0
