sample	amglyccycl	arylpolyene	bacteriocin	butyrolactone	cyanobactin	ectoine	furan	fused	hserlactone	indole	ladderane	lantipeptide	lassopeptide	microcin	microviridin	nrps	nucleoside	oligosaccharide	other	otherks	phenazine	phosphonate	proteusin	PUFA	resorcinol	sactipeptide	siderophore	t1pks	t2pks	t3pks	terpene	thiopeptide	transatpks
sim_meta-1	0	52.51547	60.7918791	11.79155	22.1078	53.2121439	0	0	28.430551	0	0	4.10441	9.14078	0	9.84574	113.0839489	0	0	23.325149	53.122005	0	0	0	1.38211	3.23759	0	27.784189	97.6977129	0	23.529377	92.4850111	0	0
sim_meta-10	1.6839742	9.0494067	109.634855	6.6122288	3.22802	15.3948459	0	0	41.074026	7.75932	0	59.2664143	4.919554	0	0.255108	116.8744907	0	0	43.097778	33.054291	0	0	0	14.524751	2.44141	0	19.2902824	80.2879597	13.563172	28.3599921	97.6413553	6.99883	9.74342
sim_meta-100	6.37521	56.013245	110.7540384	2.356623	0	31.6131142	0	0	9.598379	2.87155	0	16.49316	8.254951	0	0	38.7442634	0	0	32.969429	10.4732353	0	0	0	1.8854726	3.340268	0	11.9533828	45.0859644	3.61899	24.579779	88.8632564	1.66049	6.755716
sim_meta-101	0	43.3303288	121.4765795	0	0.181382	38.1104168	0	0	17.32907827	0	0	21.9216	7.44057	0	0	95.164211	0	0	59.707811	3.7403375	25.6127	7.304058	0	3.7403375	10.80062	0	11.4798653	74.9760255	0	24.085927	113.3118979	0	0
sim_meta-102	0	22.149205	237.08187097	48.197534	0.0557408	44.1087432	0	0	18.9010432	0	0.0773277	4.6111389	9.59586	0	0	56.93080625	0	0	43.193142	26.991461	0	16.696708	0	24.058681	11.7317182	0	32.9986837	36.89433865	0	28.02082	145.69602253	0	0.0504165
sim_meta-103	6.682967	31.6188272	138.72125588	24.16877	2.88697	6.062976	0	6.01825	7.274299	41.31861	6.31017	110.11531	1.569875	0	0	264.245094	0	31.6594	102.096382	66.694343	0	4.73407	0	14.903793	0.22859	0	56.608303	255.796082	38.96634	26.346607	113.6865828	18.06479	0.253877
sim_meta-104	11.6820227	56.0661917	150.0384808	6.2257721	0.2829861	5.936907	0	4.04635	9.1787451	3.73261	0	21.97384	0.747976	4.25209	0.0336638	66.9101775	0	0	25.332509	11.9603719	0	7.10135	0	1.030883	2.8793	0	33.1058677	50.0891564	13.653532	37.9793923	109.1089917	4.38979	6.676691
sim_meta-105	0	25.035537	380.11731	0.942659	0	8.334515	0	0	36.282253	0	0.839822	11.288376	3.51548	0	0	33.2416922	0.238258	0	4.081443	1.048771	0	0	0	0.365413	8.368669	0	14.706605	29.056321	0.216699	37.239264	221.811256	0	0
sim_meta-106	0	30.7533642	226.094721	2.52494	0	9.616786	0	0	50.468103	0	0	8.80062	0	0	0	50.8720791	0	0	24.6526418	29.91835	0	0	0	26.05043	0	0	29.710375	12.185263	0	12.196358	135.6238151	0	0
sim_meta-107	16.52861	37.38162	125.63344344	14.94406	0.225486	34.4732707	0	5.30219	7.218979	22.32902	5.75179	63.3985817	0	0	0	159.245262	0	26.1681	64.9301971	61.0608339	0	0	0	5.270719	4.59216	0	42.3463486	166.8236422	27.748002	18.64538083	113.43787477	9.4425761	0.1772435
sim_meta-108	0.0920216	46.0612217	193.3838549	3.808286	5.6239935	36.2337152	1.34462	1.66378	48.859969	0	0.0749127	35.670314	3.853809	0	0.0509794	49.0796349	0.0285261	0	25.8920724	5.9482291	0	5.40748	0.160644	0.2100312	18.728698	0	6.031976	33.6598373	2.6068294	30.022181	159.1692705	1.53036	0
sim_meta-109	0	7.190212	57.60113	4.246413	0	5.30505	0	0	50.38239	0	0	5.10128	0	0	0	18.021646	0	0	1.20256	0.159894	0	2.8393	0	0.159894	0	0	22.852621	12.284934	0	20.929304	36.457272	0	0
sim_meta-11	6.90177	52.750369	91.5393299	1.04953	2.514784	25.5328623	0	0	12.1228704	0	0.372224	1.8438172	7.090966	0	0.034341	63.4008721	0	0	32.79381	37.3514557	0	1.120497	0	20.25901	13.725758	0	36.2450116	30.8571612	0.298941	1.5520606	120.1152079	0	10.0763
sim_meta-110	0	25.7693547	171.0019492	6.10498	8.98976	41.2486742	0	0	25.043193	0	2.38185	10.44186	7.408853	1.84615	0	52.120138	0	0	27.7527496	17.7559495	0	11.150141	0	9.8895125	12.9917359	0	47.4053699	19.4501585	0	5.5869959	142.9273976	0	0.0508336
sim_meta-111	0	9.9014996	302.3414643	4.0297226	0	14.6290578	0	0	12.796158	0	0	12.50237762	1.568774	0	0.0096943	33.0234691	0	0	17.93464777	8.9951439	0	0	0	4.9200839	0.2490532	0	4.8474872	16.8805139	3.08454	47.6346699	182.5532438	0.938075	1.55158
sim_meta-112	0	8.9662976	212.2886211	0	2.6415	32.96168	0	0	23.09097	0	0	0	6.77311	0	0	23.888655	0	0	14.467407	3.17267	0	2.39986	0	3.17267	10.0824258	6.3687	11.830887	6.928149	0	16.307468	177.7429113	0	0
sim_meta-113	2.115051	57.3117911	165.49953328	14.78277	3.3468173	49.9337997	0	5.07062	18.4528626	13.5983002	0	103.158591	9.712101	0	0.0522981	191.0564524	0	0	38.6100464	15.437703	0	0.0949511	0	8.7522398	8.2639872	0	37.7353503	144.4658766	43.7066	36.4128074	185.7158526	16.29228	13.83835
sim_meta-114	0	16.9595268	120.5446418	34.4418	0	27.5548606	0	0	24.7582102	0	0	2.164217	13.65522	0	0.160978	28.7083916	0	0	30.4490241	37.0562402	0	0	0	13.73573	0.264824	0	1.5505406	47.7495505	0.627408	38.9704973	87.13325536	0	0.0634891
sim_meta-115	2.16497	63.50924102	97.3532045	4.24647	1.856557	27.2768885	0.615967	0.855654	24.5821255	0	0.0622013	4.3255855	4.58988	0	2.583386	57.9671286	0.077715	0	13.527721	25.6892412	0	3.214692	0	19.553172	4.92803722	3.60809	33.8015248	35.4720005	1.1451676	31.1643764	94.1274222	0.6151101	0.12031
sim_meta-116	0.13518	36.1285817	133.6946717	24.56434	1.59312195	15.5657396	0	0	12.8238389	5.34332	1.61218	34.90171	11.543337	2.01218	3.65276	72.7009234	0	0	53.04809792	14.7029259	15.4034	1.928507	0	8.5898686	0.2920837	0	7.5442916	62.5057619	3.869412	9.4943229	111.7369916	1.40884	3.0577514
sim_meta-117	3.12355	11.9197059	86.63378223	1.6632194	12.69188	16.9040803	0	1.54371	14.4350474	3.48571	1.8374	14.51265	7.98695811	0	3.41322	52.1673322	0	7.14102	19.3515996	47.4543184	0	2.359238	0	10.6790106	4.1693266	0	23.37462173	72.6838438	1.62332	9.3408605	85.5952409	1.04686	0
sim_meta-118	0	40.4373417	64.6142821	0	0	15.7515996	0	0	19.938181	0	0	0	0	0	0	17.123079	0	0	7.323661	23.16673	0	7.466835	0	23.16673	9.232819	0	55.9414	2.619322	0	0	87.79846	0	0.979031
sim_meta-119	0	6.4795635	99.03741881	16.012168	0	56.0630095	0	0	5.56715	0	0	0	14.6002	0	0	45.0382498	0	0	46.5919757	20.21435	0	0	0	20.21435	0	0	52.3698795	21.7009539	0.599733	3.46539	64.44446896	0	0
sim_meta-12	0	72.643701	179.4786747	0	0.125389	5.11661	0	0	35.900827	0	0.194242	0.629826	0.244887	0	0	1.579602	0	0	28.874051	44.527906	0	0	0	22.895606	0	0	26.459491	4.13665	0	22.07222	194.726437	0	0
sim_meta-120	0	23.5365754	114.69954553	0	8.8225523	10.7015454	0	0	26.050927	0	0	9.1050841	0	0	0	25.7079354	0	0	24.4072735	13.54209	0	2.36506	0	11.60068	0	8.91643	6.827746	6.8994818	0.727852	25.7772598	168.2511449	0	1.9792053
sim_meta-121	0	12.220047	141.5615302	0.0449439	4.711895	25.4997669	0	0	13.4710859	0	0	12.100182	4.573639	0.17668	0.131017	75.9875221	0	0	42.296402	0.6540313	14.5155	0	0.311878	0.0372591	9.460828	0	20.9852666	52.9668696	0	10.9484603	125.5662253	0	0
sim_meta-122	5.12539139	27.443658	100.1383785	18.235196	0.3337021	8.4066421	0	5.79307	4.1481494	12.5232603	5.57644	62.5930779	2.692138	0	0	154.1204908	0	24.1574	88.7021841	39.61299539	0	0.416007	0	6.912734	2.626908	0	9.3939073	160.26517	4.7989	44.2081357	145.88394195	3.32694	1.9733108
sim_meta-123	13.44	51.358947	85.9350085	2.12043	0.0462092	16.1057185	0	0	19.2862091	3.01228	0	5.25732	2.668595	0	0.259956	59.9163132	0	0	34.950398	4.66266	0	22.2347	0	4.66266	0	0	13.232728	23.5631968	7.20772	17.46132	102.6785184	0	0.166408
sim_meta-124	0	0.302656	148.9551663	0	2.04977	16.437467	0	0	48.342807	4.551617	2.53899	2.408254	6.70324	0	5.6586278	108.9762438	0	0	31.3612865	29.4126801	0	37.1816	0	25.1575801	0	0	65.159253	21.8581747	0	36.77692	59.7361818	0	0
sim_meta-125	5.895667	22.43987505	218.0025806	6.848368	0.0386547	16.2285137	0	0	22.1998738	2.36906	0.0194138	50.8164302	1.3223	0	0.0155973	103.6861165	0	0	38.2661257	3.0862488	0	0	0	2.3631016	6.7267696	0	15.1423776	72.7940146	5.97682	26.9291449	164.27438295	0	0.00886433
sim_meta-126	3.8032947	31.276271	148.9907256	0.920909	0	7.5986536	0	0	20.485901	0.569377	2.2373	9.658417	8.481097	0	0	40.8874141	0	0	19.9269854	35.1549154	0	0.215917	0	15.5833154	3.867757	0	35.1244009	47.8196397	6.425046	35.9127029	82.7151447	1.82697	5.10385
sim_meta-127	0	11.574376	96.7455745	0	0.50297	55.001711	0	0	85.271092	0	10.5797	29.763528	1.67867	0	0	56.4824817	0	0	50.9295007	15.447054	0	0.915307	0	1.474024	8.3062254	0	28.793887	42.2333628	2.14502	18.938617	162.2185061	0	0.357274
sim_meta-128	5.35118	34.2625392	171.8690599	1.50599	2.4105652	23.1788451	0	0	14.4806406	3.36518	2.21837	18.1920342	5.2623	0	3.868526	51.5019223	0	0	21.9784102	30.8109629	0	10.100811	0	8.153528	11.297923	0	27.0696711	25.377083	10.621004	30.351418	167.62096629	3.21358	0.0863053
sim_meta-129	5.77411	19.302035	98.737213	1.30006	3.807132	30.435892	0	0	54.522955	2.55543	4.31048	12.26213	18.99065	0	2.61147	81.74701	0	0	33.04692	28.44252	0	4.57949	0	20.46891	1.07501	0	35.015012	19.32551	0	60.55775	149.6028415	0	13.178
sim_meta-13	2.3787	31.8988603	168.1430139	8.6557	2.876814	42.4888594	0	4.24388	37.2602198	8.19235	3.91082	29.202518	9.726789	0	0	111.51957014	0	16.1454	47.63033	36.542077	0	0.0588864	0	14.066057	0.1447353	0	60.1156289	85.21863264	9.04487	14.8222123	174.4911364	5.17656	0.694098
sim_meta-130	0.814654	30.3285903	272.5459143	3.112737	0.483706	14.3208432	0	3.05456	17.2976257	0	0	17.5743688	0.927254	0	0.0230839	45.2070698	0	0	25.0028578	18.830619	0	0.0588864	0	8.999209	0.345443	0	12.7173975	35.6319505	6.9196	68.1788425	202.3273908	1.61312	6.90746
sim_meta-131	0	12.007666	253.3380294	12.2624	1.494524	14.628059	0	0	32.079032	0	0	0	0.9742979	0	0.112044	30.9156885	0	0	34.100415	1.62376	0	3.93588	0	1.62376	0.735595	0	12.2064667	28.3425407	0	25.6922	133.6300094	0	0
sim_meta-132	3.50961	30.973088	280.0882827	11.0173	1.1561226	40.085657	0	4.3916	18.5210225	0	1.07039	26.75297	1.412821	0	0	82.7003009	0	0	23.78154	8.173371	0	10.5409881	0	8.173371	10.2524559	2.6272	19.9629544	60.258025	12.46688	15.917072	198.77227996	4.55612	6.9205422
sim_meta-133	1.4393147	53.2054549	127.7013984	7.82953	0	43.6690816	0	8.1707	17.6231839	5.96948	22.71933	86.82584	6.4672887	2.69197	0	126.7760086	0	11.4995	56.0828743	34.0289768	0	0.5936059	0	10.2971068	6.2887935	0	34.5236657	117.5265266	11.34466	13.8028808	139.94008642	6.6268	2.7383
sim_meta-134	0	20.3104	94.0061762	0	0	50.510216	0	0	3.358101	0	0.179016	0.917324	0	0	0.143333	25.82955449	0	0	16.377045	8.159929	0	0	0	1.644319	4.52031	0	8.98675	22.68022919	0	1.300674	104.9232897	0	0
sim_meta-135	0.214602	35.8121702	242.8642345	13.30426	0	24.215594	0	0	2.179882	2.65248	0.119942	32.92721	9.5929	0	0.23668	57.779958	0	0	48.650636	15.58392	0	0.394168	0	9.94962	6.322913	5.59061	38.550955	57.411448	11.45437	43.6087421	190.874236	4.7045	0
sim_meta-136	0.606398	22.9747439	136.8245506	2.24269	0.735606	60.8395937	0	2.44425	21.80397	2.45396	9.859368	57.8704408	15.868932	0	0	167.2422977	0.102645	5.21858	71.381429	28.4219399	25.4117	13.775	0	16.71309	5.4983283	6.13342	34.076856	128.0354676	9.511481	6.1213333	98.8831231	5.79323	0
sim_meta-137	4.67293	47.5573536	41.4539562	5.4518429	0.0741843	24.5227918	0	0	19.9015312	2.96542	2.70693	39.8761154	6.97431	0	0	57.0994946	0	0	63.3738039	15.59227103	0	3.184842	0	3.01571103	3.8190813	0	15.6228837	71.3498377	24.49447	39.045737	180.5355309	5.56412	0
sim_meta-138	2.6815432	34.464135	103.1087384	7.166012	7.442662	28.9987826	1.2573	1.04259	24.8102614	0	1.64586	17.2977429	12.63262	0	0	56.4766299	0	0	29.2401356	19.033508	0	8.26448	0	16.944478	6.07731	0	17.6915228	33.879327	5.214704	50.835159	118.5993445	2.96687	0
sim_meta-139	0	17.6948447	186.1882616	0	2.92279	31.4192139	0	0	23.839984	0	0.0749284	2.65181	3.505203	0	0	13.800777	0	0	11.7485521	23.553541	0	3.766073	0.78399	11.146361	1.77809604	0	51.379101	39.5335778	0.538827	14.029671	173.5480068	0	0
sim_meta-14	0	39.0069962	112.3068518	0.0892989	0.401171	35.8405728	0	0	35.834263	0	0	127.347122	0	0	0	258.2632255	0	0	81.0961497	2.3681647	0	0	0	0.0565947	9.218211	0	4.6091349	196.352916	9.88317	37.08548	88.7711114	3.35027	0.345175
sim_meta-140	0.486519	25.7405354	139.2291761	18.182381	0.231771	11.5476716	0	0	20.0692397	0	5.745332	19.8686915	14.642049	0	0.3975512	48.4610082	0	0	15.0069025	7.64908	0	0.6041238	0	4.06439	5.786279	0	13.9156878	18.4368464	3.732161	17.499727	114.2549834	1.96685	3.770919
sim_meta-141	0	56.0019954	157.27042625	9.54543	0.109453	28.8030551	0	0	11.3029246	0	0	33.016333	7.62144	0	0.250928	79.6733861	0	0	37.746005	12.4610223	0	0	0	3.745675	7.55509	0	19.0817933	55.3220431	0	26.8588687	107.53487537	0	0.198183
sim_meta-142	0.191053	32.2921911	69.968929	2.7304985	1.237991	8.8023292	0	0	28.40116	4.501987	0	32.7278751	4.3405357	0	1.5185705	89.5240484	0	0	20.3321524	22.2209605	0	21.552122	0.247375	12.999368	0.240388	0	38.7706662	59.0381168	9.4168	10.3109171	69.95382844	4.20407	0.439925
sim_meta-143	3.685405	29.6385144	181.846941	6.11410805	0	16.3684747	1.48814	5.669009	9.7237705	0	0	49.288515	5.484763	0	0	123.38273881	0	0	68.3436472	9.268007	18.5762	0.1898755	0.121369	1.382058	1.638869	0	19.1448292	112.0357749	20.14049	27.251088	127.10238521	7.1357	7.20450871
sim_meta-144	5.80535	47.151398	52.989181	13.05646	0	33.826079	0	3.69325	6.19322	3.8035	10.71295	34.80838	7.85618	0	0	73.356252	0	7.75573	33.89448	17.07089	0	0	0	0	8.3228	0	15.165759	77.670265	3.62648	31.988156	134.635443	3.61471	0
sim_meta-145	11.736519	10.1868273	127.5731595	29.85639	2.6356186	17.0065565	0	7.35465	18.9659378	15.9092	3.5677375	86.89335	1.02835	0	0	220.8401887	0	16.7112	88.38437	41.564949	0	0	0	0	0.261774	2.46798	36.9196751	215.178416	21.14011	27.723059	151.6210077	6.64285	5.59994
sim_meta-146	0	15.70988	94.8737315	2.30617	0.282686	23.0628674	0	0	27.0603828	0	0	0	3.054716	0	0.0767594	13.8737513	0	0	8.152251	17.9874435	0	5.038288	0	17.80671	0	0	28.1843386	12.8495803	0	21.99403	151.5452723	0	0.255662
sim_meta-147	0.964965	19.3482068	199.73537939	21.4016933	5.50555	12.5733289	0	8.50575	15.5176473	18.37498	9.37704	84.6204475	3.021086	0	0.0557661	180.009734	0	35.9636	87.0018807	55.1945894	0	2.123234	0	7.498834	4.5259946	0	18.97193548	199.7028998	7.64536	29.152236	125.4326458	4.81049	0.1607065
sim_meta-148	0	5.405627	76.199245	0	8.99752	28.502795	0	0	46.018312	0	0	0	11.98282	0	0	36.046706	0	0	9.28908	0.612574	0	0	0	0.612574	5.1964	0	4.23461	32.9999	0	2.76008	88.392651	0	0
sim_meta-149	3.43198	31.9963224	263.53215396	14.4159	1.4957111	48.6805359	0	0	23.6170588	0	2.44905	16.984574	6.0348343	0	0	63.74580321	0	0	25.9687591	9.9713382	0	2.8633524	0	6.7891382	7.208154	0	23.3896327	30.7203036	4.62205	26.0185811	176.89466123	2.14427	0
sim_meta-15	5.73586	33.7438837	96.33989873	6.47883	0.0636342	36.4635185	0	3.17865	6.058676	3.91327	12.56037	47.800997	1.3444	0	0.2575276	97.8649377	0	7.56474	22.1358121	41.4880281	0	0	0	11.9765265	5.441179	2.36583	9.2120449	64.0295911	3.32421	20.7588884	169.87844376	3.29591	0.0743181
sim_meta-150	0	3.307206	73.601466	0	0	27.472934	0	0	14.636839	0	0	6.71935	0.606744	0	0	25.502979	0	0	8.58113	30.99889	0	49.696001	0	24.3822	0	0	23.714936	8.16707	0	20.139671	84.1936228	0	0
sim_meta-16	0.0884381	29.8939341	87.30619358	3.922992	4.09284	34.2782256	0	0	13.872029	4.88349	2.32744	34.636121	0.0699421	0	0	67.0895541	0	0	20.3286455	8.764231	0	0.116853	0	8.764231	0.129295	3.63076	23.4690029	52.5478155	6.462137	35.0609434	93.1482319	2.37839	0
sim_meta-17	0	9.25345	226.274222	0.421864	0	46.762008	0	0	25.558467	0	0	2.897566	17.73793	0	0	17.353226	0	0	16.223884	23.7683	0	8.328972	0	14.4752	0.168067	0	4.329828	7.314676	0	71.28824	176.360119	0	0
sim_meta-18	0.493915	27.4423164	126.9643873	0.0964911	8.08858	14.8197069	0	0	23.016985	0	0.905502	5.397142	1.397315	1.68761	0	50.27954828	0	0	25.1227277	30.9207077	0	11.1380576	0.664735	17.8761715	0.798387	0	44.183801	32.99615098	1.993307	23.8769715	131.2843122	1.08298	0
sim_meta-19	0.51732	33.697012	71.2302421	13.37239	0	48.936324	0	4.98403	26.612735	5.40958	15.47854	65.21722	0	0	0	84.1913157	0	11.445	18.80652	28.67474	0	0	0	3.64973	7.379692	0	20.185924	89.0641157	5.08541	20.2394	143.307408	5.44188	0
sim_meta-2	0	21.8800304	204.5294297	13.222446	0	38.1716738	0	0	50.8744871	0	0	20.11257	14.82048	0	0	103.2065881	0	0	83.9243898	30.275601	11.4673	4.057786	0	28.608136	27.3258	0	68.4860219	89.1120935	0	4.576837	28.1760106	0	4.14288
sim_meta-20	0	29.821194	167.94546095	0	0.49282168	16.71351358	0	0	15.7208858	0	0.05057	23.59631621	11.7435472	0	0.0096463	71.4556227	0.0382933	0	48.5462023	20.0635057	0	1.4296623	0	9.590902	5.3875053	0	19.0074997	60.0720243	0.0363138	31.31493	153.5894162	0.0326191	2.95967
sim_meta-21	5.307524	24.13231737	158.19227455	4.4564453	9.61624	28.7073149	1.00119	1.17538	10.0891563	1.20523	0	16.788214	6.907667	0	4.26231	82.7259368	0	0	49.9617877	31.2095096	0	0.947199	0	1.76752	11.38576217	0	23.7370908	84.97621556	5.589357	24.39025637	122.8479036	1.33834	1.7722852
sim_meta-22	0	44.640376	123.3727186	0	0	31.3858718	0	0	10.416394	0	0	24.62003	2.963165	0	0.127733	11.7742761	0	0	0.2735872	9.78132	0	3.165837	0	0	0.17647	0	11.7035339	26.7415289	0	11.355784	123.705126	0	0
sim_meta-23	0	40.7888626	175.4924555	0	2.14558	11.3697088	0	0	12.9899975	3.81372	1.91053	14.4482122	10.569908	0	4.157789	29.63887594	0	0	18.756402	14.886827	0	0	0	6.940189	9.855274	0	12.8576041	27.43991364	0	37.3489095	118.6917237	0	0
sim_meta-24	2.40345	41.10493653	80.9001411	7.1342	0.698572	31.6112153	0	7.04151	28.533277	13.27601	7.0083458	31.4323106	0	0	0	79.3488792	0.118406	27.0354	46.3398361	54.1009651	0	20.931154	0	7.2336942	0.2621532	0	40.6761611	128.3100765	5.5560484	15.8322212	129.7068115	3.96681	0
sim_meta-25	0	28.6345661	234.0345411	12.3220072	6.13399	22.7068385	0	0	31.9110118	0	0	1.6137068	0.39816	0	0.0572059	14.988698	0	0	13.4499229	45.4297593	0	2.432739	0	11.3830293	6.2095621	0	46.9028957	34.384561	0	6.0024476	124.4401801	0	0.426487
sim_meta-26	26.8506	1.381042	89.1621117	5.09365	0	0.8946519	0	0	6.57095	7.183871	0.292885	17.11624	0	0	0	62.5410209	0	0	53.291303	21.7552972	0	0	0	0.581273	1.388531	0	13.8183714	24.1454366	17.55485	17.4729087	85.5853802	0	21.286681
sim_meta-27	5.330484	23.8215039	112.86892144	12.401937	2.57206	20.3701128	0	2.477831	25.0259837	10.811807	5.855097	28.305983	13.2552574	0	5.59389	69.2293585	0	10.61853	34.4152075	27.8218142	0	4.831254	0	8.1979802	11.5411789	0	29.1296653	72.7101326	5.579352	24.5087494	122.79570615	3.877234	0
sim_meta-28	0	9.833919	218.8323078	0	29.5849	18.0351921	0	0	13.608396	0	0.145612	4.391444	9.18628	0	13.7258	124.0460347	0	0	9.140765	98.446045	0	0.224402	0	30.778245	8.67005	0	13.4461332	155.9341657	0	93.270208	187.9454706	0	0
sim_meta-29	0.0484715	73.23636	123.73147	4.54262	8.054631	14.011571	0	0	30.452295	6.78931	0	32.15226	0	0	0	67.70974	0	0	51.773828	32.827463	0	0	0	19.464163	7.37498	0	20.252039	42.10911	7.95066	22.131363	189.3692609	4.20862	13.3633
sim_meta-3	13.0081864	17.9276732	82.297137	19.1874	0	11.8348217	0	11.25382	15.17082	23.615208	17.62138	121.44103	1.41756	0	0	203.884154	0	14.9517	54.897067	47.44136	0	13.43411	0	0	0	0	30.133497	192.983081	36.54302	23.11421	99.134716	16.84584	7.65753
sim_meta-30	2.24716	18.044151	60.7606598	3.4961	5.83244	7.0319603	0	0	10.71816	5.4345	0	20.20136	0	0	0	83.59763	0	0	27.69596	13.754295	0	0	0	6.683045	1.3965884	0	11.79435	44.4448	5.5949	6.2165088	86.3945597	2.69065	0
sim_meta-31	0	34.777619	277.78126	0.362889	11.00109	11.209108	0	0	10.430967	0	0	35.908137	3.36001	0	4.88178	88.4493418	0	0	25.370643	43.584107	0	3.490173	0.368949	16.581291	5.106656	2.17438	9.4104191	79.2514018	0	23.391867	105.2859637	0	0.135038
sim_meta-32	6.449456	22.7146484	87.4908231	3.11546	0.3391767	34.9778179	0	6.17792	29.065751	6.72626	6.43085	56.85045	6.220057	0	0	87.5571332	0	25.07693	39.9516915	31.308586	0	0.270461	0	3.169526	0.0953974	0	15.3186691	104.1934376	5.83341	9.062731	166.8908669	6.42468	0
sim_meta-33	0	30.3308361	83.830108	1.632623	8.045508	14.829782	0	0	41.6897188	0	0	6.2384496	5.25007	0	2.9591312	82.3470362	0	0	41.291641	20.275522884	0	0.59342	0	8.528228	1.08605	0	41.9656955	49.7760174	0	4.151926	76.27745487	0	7.019654
sim_meta-34	0.166665	28.037097	155.5134587	7.2344318	0.430157	18.0770824	0	0	22.4233602	6.68365	0.22637	36.64844	5.949704	0	0.500978	79.58402568	0.164034	0	27.4746998	17.6114836	0	3.65018	0	12.79322	0	0	23.7644758	54.873565	8.3930156	21.581792	75.1583478	4.11753	0
sim_meta-35	4.278793	21.9828075	121.8927203	9.0045409	1.4029245	25.73988838	0.911222	4.546817	26.26928846	8.8895	13.43443	80.832806	3.181878	3.76313	0	127.993839	0	10.6562	47.5225622	20.0385831	0	3.6497214	0.585436	3.0238131	0.2989259	0	48.1352233	113.1994839	13.482059	22.1925002	156.31095794	11.04458	0.0661477
sim_meta-36	3.24904	21.75745149	81.6961133	12.20097083	0.0421825	27.166481	0	2.28704	23.23560283	0	3.52605	21.726052	4.8525	0	0.0119952	63.42629363	0	0	44.5976361	17.3195831	7.73365	0	0.327697	4.6114384	0.452433	0	20.8741157	69.5242764	5.84331	23.2248748	131.1770436	1.25842	3.57932
sim_meta-37	0.0424883	50.1204909	199.2779138	16.33641	0	46.6766157	0.763138	0.662087	12.7728617	0	0	4.435886	3.44793	0	0	18.6714829	0	0	23.007322	10.130116	0	11.7026832	0	8.576006	18.679576	2.28254	48.1440919	11.6764442	1.089097	27.6960222	143.4279764	0.690619	0.831093
sim_meta-38	0.163768	19.7774137	144.7534184	8.6435307	8.466436	12.0897183	0	0	9.4234907	2.30368	0	5.621169	1.75413	0	0	32.1272597	0	0	24.2603293	26.847771	0	0	0	26.7802397	15.7660433	0	75.3405243	13.697321	6.45538	26.1602429	107.3615642	0.0424047	0
sim_meta-39	0.123194	4.6621412	272.6748546	3.289922	0.0386547	20.6354223	0	0	15.569674	3.60115	0	40.258671	17.8031202	0	0.207319	35.0671287	0	0	21.8853408	22.309795	0	2.80796	0.893837	3.774765	14.4399549	0	13.225427	54.7416945	4.28684	19.5407122	170.5604478	2.22942	0
sim_meta-4	6.512661	65.0235165	212.70475443	11.78897	3.9373473	33.6379749	0	7.06067	8.529458	20.79528	22.4305531	100.15719	4.6918584	0	3.66234	156.1638037	0	16.0564	65.9790602	48.0372161	0	3.72068	0	15.77166	0.175416	0	37.5982136	147.4752365	14.89922	25.9638535	127.7065892	11.05587	0.0743178
sim_meta-40	0	34.209585	273.14155775	0	0.31741	24.925019	0	0	9.6380489	0.0325334	7.88348	57.7776596	8.840362	0	0	110.7588098	0	0	49.8424988	7.955297	0	0.823108	0	1.354387	9.4333613	0	17.7816002	82.4084304	0	29.9006845	219.9311305	0	0.167936
sim_meta-41	0.32207	18.425946	116.7308121	9.73944	0	24.380221	0	0	16.4708258	12.4694	0	58.861983	3.25321	0	0	108.7320167	0	0	33.367875	53.93808	0	0	0	19.70501	0.736986	0	36.36769	98.096293	17.02347	18.7571889	161.770117	7.37686	0
sim_meta-42	6.26955	13.2014212	160.4423107	2.8680654	7.5371188	29.8234679	0	2.58613	5.4767118	5.86481	2.7561796	56.67002405	4.60747108	0	0	145.57502388	0.0071227	11.5957	85.3870573	26.539754	14.4258	0.5501833	0	9.9486816	0.1568479	0	27.1931874	135.9615772	2.5147507	23.1904807	125.86833097	1.58833	0
sim_meta-43	0	30.7559852	385.0252141	18.5667	0.310732	12.7710622	0	0	26.1399367	0	0	8.494148	14.12747	0	0	25.155244	0	0	4.5535991	10.075013	0	0	0	1.42339	14.8762	0	22.6971053	19.0911355	0	29.658089	250.2241043	0	0
sim_meta-44	0.143648	28.879522	120.0124155	7.901121	11.264558	19.779263	0	7.48203	17.352294	7.19413	20.9849743	72.9910762	4.41652	0	0	114.9048436	0.0984486	15.3476	56.3861031	33.271629	0	0.100707	0	2.7767234	18.190919	0	23.6409171	136.8285793	7.0479551	17.1582189	126.5257094	7.2578	0
sim_meta-45	0	30.7402749	111.22007629	0	0.562237	15.0161273	0	0	16.223524	0	0.0854479	5.419026	1.674976	0	0	4.8258118	0	0	31.9670532	4.618389	0	2.0029799	0	4.618389	2.6891969	3.26273	12.2231254	11.3940041	0	11.5269509	65.5276849	0	0
sim_meta-46	0	27.7874956	92.5513811	0	4.870846	17.557582	0	0	27.021504	3.60626	1.85922	2.003794	7.66296	0	3.8585	37.3901934	0	0	59.49993598	3.14807	0	1.99769	0	0	8.07151	0	18.26512	37.1382313	0	19.56934	147.9822806	0	0.220757
sim_meta-47	0	49.4462859	116.30967414	0	1.389196	40.8199459	0	0	29.7114166	0	0	12.875835	3.4304675	0	0.039081	72.605595	0	0	38.243235	22.2960933	6.12968	8.7347	0	19.318881	5.7035606	1.7161	28.0629519	47.3982988	6.416737	16.0702171	121.3140201	2.08234	3.142704
sim_meta-48	0	29.8985378	320.9866787	4.173433	7.08646	24.6869082	0	0	51.6396974	0	0.0652395	34.94948	0.402124	0	0	37.9433637	0	0	32.145197	3.6862867	0	4.1581777	0	0.6675452	0.280529	0	16.907594	31.4122565	0	3.9815825	141.1479758	0	0
sim_meta-49	0	30.9463584	186.3120167	0.338429	0.618086	13.104653	0	0	26.085741	0	0	0.287527	0.175914	0	0	7.081103	0	0	48.0367179	28.407459	0	0	0	18.709449	27.7056	0	77.340985	18.645932	1.76918	32.149437	111.8476353	0	0
sim_meta-5	7.6566	29.3479743	86.38536	7.58633	0.230032	52.7114766	0	7.19699	15.37879376	16.07087	15.502071	60.021011	4.360868	0	0	124.9512423	0	30.3733	68.313785	77.416	0	9.63828	0	11.6121	3.24956	0	38.9808521	138.2548816	6.1693	24.73733	150.062162	4.09731	0
sim_meta-50	0.0616192	43.58288311	146.1517455	5.82663	0	9.846357	0	0	6.009606	8.08405	0	60.75168	3.57359	0	0	141.6613038	0	0	71.5531192	6.419646	7.25149	2.7035701	0	2.885986	1.0011052	0	27.3815177	107.4688295	11.1146	23.2687143	109.208075	4.77048	3.756597
sim_meta-51	0	38.3526323	173.91301354	0	0.011673	23.0579021	0	0	26.0546876	0	0.0425395	5.849845	0	0	0	17.1881995	0	0	13.2035506	5.8772646	0	6.004947	0	5.8178042	4.80873	0	36.3385354	4.17521	0	28.8275897	132.3641833	0	2.2497375
sim_meta-52	0	6.411107	100.38575	0	0.517014	16.526029	0	0	2.90903	0.162667	0	0	6.13408	0	0	19.2157728	0	0	4.0424196	1.0437	0	0	0	1.0437	0.551781	0	16.4956822	7.084675	0	16.239886	95.096163	0	0
sim_meta-53	0	32.311201	309.7015651	0.0703205	1.49543	21.31255	0	0	25.4037929	0	0	27.12152	2.724041	0	0	66.7985985	0	0	34.0793745	13.489311	0	2.530393	0	10.126891	0.066038	0	11.7157368	38.3788543	0	56.60422	210.060798	0	0
sim_meta-54	0.455651	19.4016784	127.0761465	6.72013	0.278028	30.5678509	0	0	53.5078324	3.20594	1.21813	18.492406	2.545418	0	0.310263	48.526727	0	0	29.01759739	14.1646122	0	1.64455	0	2.7969522	0.4654842	0	30.6711341	34.8375634	3.3898	24.6493572	115.94569191	1.84821	0
sim_meta-55	2.8098	20.781492	139.9667006	8.525128	9.26013	6.999671	0	0	15.706518	9.6552333	2.49229	26.43822	14.05107	0	7.76454	80.6108156	0	0	27.467737	33.2114065	0	8.640879	0	10.7737065	3.194962	0	21.417646	80.776062	9.586394	40.146246	85.989622	2.9561	0
sim_meta-56	0	53.2616912	58.218315	4.69187	0.167629	24.78005745	0	0	18.96449256	0	0.0536962	5.3767658	13.03904	0	0	49.72888947	0.049859	0	18.9191719	12.2909328	0	0	0	12.1881886	9.25492	0	23.029156	31.47098233	0.5412457	17.632321	125.3356331	0	0.154518
sim_meta-57	0	24.227978	131.5550226	0	0	19.75237	0	0	44.876222	0	0	9.07617	5.80363	0	0	56.4776114	0	0	42.848246	7.528908	10.5672	6.65249	0	4.53884	7.7657653	0	17.91519	31.714993	0	15.321377	83.7306833	0	0
sim_meta-58	0	10.46843	96.4392087	0	0.126943	11.074186	0	0	26.1384933	0	0	0.168769	23.1802	0	0	32.0714282	0	0	23.313156	6.61775	0	0	0	6.61775	13.7462	0	28.97803	20.4577514	0	8.2724663	68.2022145	0	0.145824
sim_meta-59	0.0617603	46.636563	106.0718521	2.9659	0	47.6789915	0	0	0.2056114	4.08825	0.0822222	17.69067909	0.101576	0	0	51.1366875	0.0854726	0	12.4852897	0.2085382	0	0	0	0.0555964	24.2484	0	19.5720051	24.3569117	4.9521153	16.50096	51.7840138	2.47239	0
sim_meta-6	4.739856	10.4617276	126.2410698	6.17883	17.120265	4.2635796	0	3.03659	7.2183176	5.4664	0	26.34747	0.950227	0	2.78252	147.9328657	0	0	28.601978	41.2777805	0	24.0057308	0	18.9533705	10.344847	0	60.4609899	91.0268675	14.5248	20.3909793	128.7593035	5.0172261	5.10103
sim_meta-60	0.187482	20.3938514	83.71224601	2.1024451	0.385123	25.23697751	0	0	58.3329504	2.78235	0.0464325	11.1673727	3.69779	0	0.2448755	35.1651836	0.0332863	0	27.0603514	4.296125	0	0.6461976	0	0	9.891717	0	11.5632232	24.4171111	7.3153746	11.7197655	103.6145122	0	4.274085
sim_meta-61	0	12.2388876	202.3325878	0	0	11.79744584	0	0	61.298345	0	0	15.13254	6.39011	0	0	30.187585	0	0	13.355618	4.0397651	0	0.0655912	0	4.0397651	1.366407	0	10.3771028	1.72494	0	18.631938	168.2121123	0	6.77634
sim_meta-62	0	6.4571997	100.7571755	6.63486	1.09128	24.1423605	0	0	13.1414318	0.0650669	5.4008006	17.7807233	1.837435	0	0	77.8605294	0.118054	0	44.4021112	0.8522638	0	0.0874753	0	0.723345	0.055627	0	9.36755	42.4915316	0.038089	19.290528	195.5705003	0	0
sim_meta-63	0.0491436	34.3171534	186.1419341	3.6498078	1.25743	5.4927522	0	0	12.7661129	4.63215	0	25.164015	2.2190272	0	0.214193	89.8411107	0	0	55.6403926	22.389781	0	16.361133	0	21.40232	11.5345697	0	53.6016035	56.5328192	6.16233	23.960223	122.0971384	2.8987	0.0771993
sim_meta-64	0	77.46027	150.414647	0	0	67.112572	0	0	10.22172	0	0	0	2.66779	0	0	52.407586	0	0	26.037614	0	0	9.25046	0	0	0	0	50.6777	5.408914	0	5.78932	90.5185502	0	0
sim_meta-65	0	63.214248	45.4295279	0	0	48.219065	0	0	43.82749	0	0	10.6098061	0.285283	0	0	13.926296	0	0	36.653428	10.7895009	0	2.08514	0	10.7895009	0.631242	0	17.6128027	12.0939559	0	30.8709	112.140799	0	0
sim_meta-66	0	20.33402529	82.9860688	0	0.14159	21.304157	0	0	33.830205	0	0	0.0904554	6.109685	0	0	34.2837081	0	0	35.0147862	19.65166506	0	17.3309552	0	14.45568706	0.0982196	0	41.201204	28.8312213	0	16.0757546	98.3760763	0.0195714	0.1645069
sim_meta-67	8.30483	30.048324	139.04533339	13.04856	1.841947	40.7340949	0	6.82163	17.38371	1.44758	0	15.553451	17.094277	0	0	99.0448404	0	0	20.7014095	10.2118427	0	4.60649	0	7.8584427	4.119516	0	46.3991374	63.5676762	22.98687	21.850196	117.81763549	4.09785	13.567862
sim_meta-68	0.120104	32.40702	130.01049578	0.246879	1.0320932	14.9172907	0	0	9.58691	2.455745	1.16962	9.2620553	11.6511082	0	2.3333956	27.2536955	0	0	26.4494892	4.519649	0	0	0	2.402109	10.3051954	0	15.5061581	9.4395681	0.842518	31.4996395	128.6948476	0.0292764	7.6567761
sim_meta-69	0	18.9602041	73.6918316	0.154355	0	24.7269497	0	0	12.783579	0	0	9.7753629	12.155013	0	0	17.8515427	0	0	20.640238	13.09616	0	0.3843583	0	7.91967	31.0765613	0	29.226377	15.6618708	0	36.558551	60.6163832	0	0
sim_meta-7	0.255981	17.96878474	96.62971074	0.8654999	0	14.7400147	0.405474	0.589752	22.6913912	0	0.0165962	6.1595396	4.913652	2.07424	0.0784445	36.5548036	0.0213681	0	19.3695305	11.6202826	0	0.281865	0	11.5327761	9.4254552	0	23.18765808	10.23529762	0.6904697	13.3924999	113.92935044	0.464488	4.158774
sim_meta-70	0	28.249728	75.819385	0	9.53105	30.3987343	0	0	22.18390723	0	0	0	0.333389	0	0.70947	18.52557	0	0	13.043874	10.56481	0	13.3263	0	10.56481	6.34955	0	15.046707	5.392975	0	5.248408	136.247555	0	0
sim_meta-71	0	74.958662	192.34954763	5.281	4.909893	27.2598873	0	0	19.050284	0	0	10.7512	5.036619	0	0	35.2727165	0	0	22.443492	28.1332521	0	1.23818	0	20.5141121	0.559026	0	21.806782	46.683423	8.07313	41.087679	155.92597684	2.657959	0
sim_meta-72	2.53863	54.60629677	161.5724064	2.871539	0.4870402	15.6286865	0	0	24.629627	1.11679	0	4.90108	1.034666	4.11968	0.0256832	32.46780268	0	0	13.3783327	23.5918653	0	4.0727758	0.786921	17.453028	8.9696112	0	52.6489233	21.7535701	3.513319	26.95020195	53.43002447	0	0.064283
sim_meta-73	3.0425913	24.2081961	41.9188989	4.133714	7.2755539	21.1036859	0	4.73631	16.9549609	0	1.22621	20.1736078	0.9115	0	3.4784945	86.48812	0	0	0.5077663	30.065437	0	0.656662	0	2.532657	3.94802	4.17766	30.4321521	57.4869975	13.39176	16.0226783	105.9027815	5.18889	12.46422
sim_meta-74	0.117416	37.1212506	173.7517803	0	0	24.6460649	0	0	13.719097	0	1.18757	32.62497	12.706333	0	0.246334	53.5168743	0	0	11.800615	20.0712562	0	6.38706	0	15.5850662	11.17503	0	28.4371985	33.6845771	2.169268	36.2284511	115.3294636	1.00764	2.72091
sim_meta-75	0	58.891191	89.4716319	0	0	10.7153899	0	0	47.2151216	0	0	0	4.212989	0	0	11.0962301	0	0	12.971531	17.262104	0	0	0	1.002864	0.101644	0	17.5690267	37.4402311	0	7.742681	97.2834666	0	0
sim_meta-76	0.0563604	30.152258	93.4767235	7.93659	9.103562	27.3297976	0	0	18.973943	11.251734	0	56.14032	17.69612	0	3.85373	146.65250428	0	0	47.0283151	23.9147322	0	0.0777558	0	4.3880046	3.13888	0	35.3327157	108.2517413	15.2252	18.6207178	81.8976196	6.92771	0
sim_meta-77	0	62.561122	84.8703181	0	0.964321	42.7750207	0	0	47.087175	0	0	4.70909	5.87272	0	0.0815111	1.5035273	0	0	20.2155638	18.183595	0	4.555997	0	1.633195	5.97414	0	42.8929205	25.4297654	0	5.2369123	54.4154475	0.0684999	0
sim_meta-78	0	15.1418014	81.9493983	0	0.531804	26.7046	0	0	53.566288	0.0976001	0	4.37164	5.3218269	0	0	31.510916	0	0	35.3506861	4.230676	5.05928	3.9514553	0.336152	3.58446	7.9763944	0	11.2870333	25.165662	0	22.799246	125.02461257	0.0587144	2.562229
sim_meta-79	5.2801341	21.35346498	85.418647	1.66231	3.71922	50.1833023	0	0	18.79037	0.0650669	6.277098	26.4743159	0	0	0.1723018	80.47173909	0.05067	0	25.9645678	26.3277607	0	3.895031	0	11.621547	5.43478	0	39.1632548	46.6684346	6.0695117	12.6508228	71.8343701	3.09817	0.0814112
sim_meta-8	0.131233	26.4934423	162.377244	2.04099	0	18.80786662	0	0	24.9768083	3.30832	0.3869469	13.872651	19.6901803	0	0	35.9097043	0	0	53.66074	7.968152	0	8.39689	0	7.968152	15.1126065	0	15.8682107	42.4430195	3.77659	53.760455	130.810184	1.76547	0.0784124
sim_meta-80	3.063336	35.1118086	128.5199112	17.52416	0	29.7636093	0	1.88339	39.7983827	4.38615	5.11454	37.90197	5.41228	0	0	107.3755456	0	9.16364	67.7960596	27.742541	19.5173	0.252277	0	7.404971	3.27372	0	19.9940141	100.7141192	6.91675	22.694626	116.8758227	3.5595109	0
sim_meta-81	6.21813	32.7221247	149.6831611	15.7683	1.9695	40.8967024	0	15.6938	2.9065658	0	0	25.03729	11.73459	0	0	138.7892947	0	0	12.7108561	4.98746	0	10.2941	0	0	1.6191032	6.22135	47.565696	100.2559905	39.0327	48.452847	128.815335	9.6440138	24.833
sim_meta-82	14.1235	38.272282	132.079821	1.3653449	0	5.9918508	0	0	34.785516	0	0	1.82142	5.9923	0	0.317283	47.697143	0	0	46.201156	46.237598	0	6.08089	0	29.063048	0	0	35.2748378	18.6247565	0	14.4118	54.2265498	0	0
sim_meta-83	0.654923	14.607737	130.5372795	61.5439	19.30102	45.571044	0	0	24.2793348	14.744	0	64.80471	19.668	0	0	191.68223	0	0	72.634856	13.67254	0	0	0	13.67254	0.542357	0	37.906929	110.815782	20.12973	11.2234	85.3035272	8.98311	0
sim_meta-84	0.799024	22.9993301	187.6171468	0.828699	0	31.5537728	0	0	21.489396	1.15434	0	25.658574	7.6749	0	0.370043	68.3476486	0	0	68.6787612	13.5760624	18.8121	2.588102	0	5.0565324	4.26477	0	33.5512184	64.8894313	2.854519	36.2049569	179.7458723	0.0260952	7.733713
sim_meta-85	8.94912	38.9543594	130.9933289	5.45406	7.23029	40.9267624	0	2.00602	30.811411	2.05361	7.84809	29.7500632	7.334722	0	0	56.3752286	0	4.46239	35.941944	34.9852066	0	2.759367	0	21.8133466	30.683859	0	89.11548	40.872751	7.17957	16.5149412	97.6264849	4.66752	0
sim_meta-86	0.032644	60.7929592	151.03117714	2.8438276	0.0934982	18.6766984	0	2.17637	14.0790508	2.45426	5.7655744	41.58443829	3.98593	5.67813	0	89.4022935	0.0213681	4.39661	42.5397246	25.2223136	7.68418	1.68482	0	12.5256756	5.58905792	0	20.765618	80.48406751	9.8107318	32.3684783	148.114294	5.23699	5.848603
sim_meta-87	0	43.36392	49.64011	0	0	63.021333	0	0	52.403759	0	0	0	1.69928	0	0	21.11575	0	0	32.25656	17.05387	0	2.95969	0	17.05387	0	0	42.094989	13.359432	0	19.681196	148.203669	0	0
sim_meta-88	0.238553	53.870498	120.7268443	5.43705	4.578488	27.60155807	0	0	4.144747	4.34488	6.75918	45.69745	10.487061	0	1.77536	120.121969	0	0	64.22675	16.258644	10.4767	0	0	7.256604	8.12062	0	26.631926	86.659677	5.66624	18.934207	121.0367629	2.65372	0
sim_meta-89	3.21005	34.7452982	88.797443	10.7855	0	19.005293	0	10.9454	29.190161	0	0	18.07129	0	0	0	124.0426291	0	0	47.46276389	3.17367	0	0	0	3.17367	0	0	61.19529	70.2628591	27.8948	25.5609836	48.4900949	6.98749	18.0878
sim_meta-9	31.9132	8.372637	91.2959318	13.977507	0	9.3469923	0	14.21888	9.32423	13.09096	3.86359	40.533	2.58394	0	0	152.7590759	0	18.9184	25.135359	41.035786	0	6.92001	0	5.872486	0	0	34.113274	163.6745012	31.05828	25.191748	173.6951706	8.68754	16.5698
sim_meta-90	0	15.7425865	79.7499803	0.0976832	28.292526	28.710011	0	0	13.401804	0	0.106026	2.1232648	5.559	0	0	12.4085775	0	0	54.3881012	9.938044	0	4.36613	0	6.718007	0.5523996	0	18.9595597	15.2430342	0.325972	22.3618364	82.4885153	0	0.5639914
sim_meta-91	0	32.1008036	116.2337846	15.0032	0.417949	15.3039544	0	0	10.6027395	0.75094	0.363811	5.08822489	5.664983	0	0.790124	117.3156243	0	0	20.6314566	44.40142	0	54.596177	0	43.738787	16.6952446	0	105.3912035	23.1561081	0	3.78151716	83.2230187	0	0
sim_meta-92	0	28.178159	44.48139	0	0	33.898149	0	0	11.47635	0	0	0	0	0	0	48.4971825	0	0	19.98251	20.51122	0	5.971987	0	20.51122	0	11.3686	11.302179	17.4859415	0	40.378786	97.149968	0	0
sim_meta-93	2.825437	44.6408507	151.8982549	7.02912	3.25136	23.7573002	0	0	14.5643229	7.83138	0.0970687	43.93639	17.121769	0	0	168.450617	0	0	64.90453	24.300121	16.6324	29.34609	0	19.32415	0.889399	0	50.2027916	110.733072	15.883645	14.3437763	132.7037484	2.84015	0.447457
sim_meta-94	0.288553	25.37695565	254.66787228	8.00834	0.871474	23.4066418	1.26113	1.12333	38.0246617	7.4861	2.163629	94.129815	3.3053569	2.36124	0.421065	153.82864143	0	0	58.4194776	21.60165991	0	1.11358	0	14.37333991	0.5314382	0	25.3016674	109.57609306	14.398996	33.8450823	147.93538732	8.32893	0
sim_meta-95	0	11.46773	73.3454277	0	0	57.047863	0	0	13.52989	0	0	1.17331	0	0	0	8.6231305	0	0	38.3306413	12.00951	0	0.0392576	0	12.00951	3.84096471	3.6022	15.073918	1.943545	0	3.801836	61.1074137	0	16.2758
sim_meta-96	0	46.9867054	209.38796819	0	0	6.747252	0	0	18.142657	0	0	0	11.2112207	0	0.112311	19.091753	0	0	17.0418211	20.9171739	0	1.558937	0	20.5586279	0.0587279	0	16.4074096	4.0592375	0	43.4264477	108.85326	0	0
sim_meta-97	6.22698	64.517386	169.449245	5.52053	0.984523	11.5349	0	5.10985	57.986096	5.8985	14.79175	51.17464	0	0	0	128.283214	0	11.4341	64.252933	30.44896	0	0	0	7.08656	14.861315	0	86.829832	74.558322	5.33784	68.31011	123.743996	5.64046	0
sim_meta-98	0	41.633519	183.1934231	0	0.471423	27.884404	0	0	19.879363	0.113867	0	15.5994478	0.900092	0	0.0718433	25.2165416	0	0	30.637685	9.284335	0	0.217627	0	1.247545	12.1886547	0	2.6993459	27.7436487	0.692296	37.0276306	170.6721867	0	0.059837
sim_meta-99	0.500322	20.20253425	100.50738034	1.435275	13.81183	9.3692606	0	0	11.1749663	1.887188	0.149119	3.7774	2.51028	0	0	19.846716	0	0	28.2732691	14.619511	0	3.968762	0.140461	9.574403	3.6523966	0	32.3827406	27.1930386	4.4677	23.9761466	110.2562596	0.0228333	0.514103
